"",habitat,name_muni,abbrev_state,num_nivel,quantile_class,color_code
1,Invertebrado aquatico,Alto Paraná,PR,3,Médio,#ffc44d
2,Invertebrado aquatico,Alto Paraíso,PR,2,Baixo,#f9f871
3,Invertebrado aquatico,Altônia,PR,2,Baixo,#f9f871
4,Invertebrado aquatico,Andirá,PR,4,Alto,#ff7a43
5,Invertebrado aquatico,Cambará,PR,5,Muito Alto,#d11a2a
6,Invertebrado aquatico,Cambé,PR,4,Alto,#ff7a43
7,Invertebrado aquatico,Capitão Leônidas Marques,PR,4,Alto,#ff7a43
8,Invertebrado aquatico,Centenário Do Sul,PR,3,Médio,#ffc44d
9,Invertebrado aquatico,Diamante Do Norte,PR,4,Alto,#ff7a43
10,Invertebrado aquatico,Floresta,PR,5,Muito Alto,#d11a2a
11,Invertebrado aquatico,Foz Do Iguaçu,PR,4,Alto,#ff7a43
12,Invertebrado aquatico,Francisco Alves,PR,3,Médio,#ffc44d
13,Invertebrado aquatico,Guaraqueçaba,PR,1,Muito Baixo,#00a6ca
14,Invertebrado aquatico,Guaratuba,PR,1,Muito Baixo,#00a6ca
15,Invertebrado aquatico,Guaíra,PR,5,Muito Alto,#d11a2a
16,Invertebrado aquatico,Ibiporã,PR,4,Alto,#ff7a43
17,Invertebrado aquatico,Icaraíma,PR,3,Médio,#ffc44d
18,Invertebrado aquatico,Japurá,PR,5,Muito Alto,#d11a2a
19,Invertebrado aquatico,Jataizinho,PR,5,Muito Alto,#d11a2a
20,Invertebrado aquatico,Lapa,PR,1,Muito Baixo,#00a6ca
21,Invertebrado aquatico,Londrina,PR,1,Muito Baixo,#00a6ca
22,Invertebrado aquatico,Mangueirinha,PR,1,Muito Baixo,#00a6ca
23,Invertebrado aquatico,Maringá,PR,2,Baixo,#f9f871
24,Invertebrado aquatico,Matelândia,PR,4,Alto,#ff7a43
25,Invertebrado aquatico,Matinhos,PR,5,Muito Alto,#d11a2a
26,Invertebrado aquatico,Medianeira,PR,3,Médio,#ffc44d
27,Invertebrado aquatico,Nova Prata Do Iguaçu,PR,3,Médio,#ffc44d
28,Invertebrado aquatico,Palmital,PR,2,Baixo,#f9f871
29,Invertebrado aquatico,Paranaguá,PR,2,Baixo,#f9f871
30,Invertebrado aquatico,Pinhão,PR,1,Muito Baixo,#00a6ca
31,Invertebrado aquatico,Piraquara,PR,4,Alto,#ff7a43
32,Invertebrado aquatico,Ponta Grossa,PR,1,Muito Baixo,#00a6ca
33,Invertebrado aquatico,Pontal Do Paraná,PR,5,Muito Alto,#d11a2a
34,Invertebrado aquatico,Porto Rico,PR,5,Muito Alto,#d11a2a
35,Invertebrado aquatico,Primeiro De Maio,PR,3,Médio,#ffc44d
36,Invertebrado aquatico,Quedas Do Iguaçu,PR,3,Médio,#ffc44d
37,Invertebrado aquatico,Querência Do Norte,PR,1,Muito Baixo,#00a6ca
38,Invertebrado aquatico,Ribeirão Claro,PR,2,Baixo,#f9f871
39,Invertebrado aquatico,Santa Helena,PR,2,Baixo,#f9f871
40,Invertebrado aquatico,Santa Terezinha De Itaipu,PR,4,Alto,#ff7a43
41,Invertebrado aquatico,Sertaneja,PR,3,Médio,#ffc44d
42,Invertebrado aquatico,Sertanópolis,PR,2,Baixo,#f9f871
43,Invertebrado aquatico,São Jorge Do Patrocínio,PR,5,Muito Alto,#d11a2a
44,Invertebrado aquatico,São Mateus Do Sul,PR,1,Muito Baixo,#00a6ca
45,Invertebrado aquatico,Telêmaco Borba,PR,1,Muito Baixo,#00a6ca
46,Invertebrado aquatico,Ubiratã,PR,2,Baixo,#f9f871
47,Invertebrado aquatico,Abatiá,PR,,Deficiente de dados,#808080
48,Invertebrado aquatico,Adrianópolis,PR,,Deficiente de dados,#808080
49,Invertebrado aquatico,Agudos Do Sul,PR,,Deficiente de dados,#808080
50,Invertebrado aquatico,Almirante Tamandaré,PR,,Deficiente de dados,#808080
51,Invertebrado aquatico,Altamira Do Paraná,PR,,Deficiente de dados,#808080
52,Invertebrado aquatico,Alto Piquiri,PR,,Deficiente de dados,#808080
53,Invertebrado aquatico,Alvorada Do Sul,PR,,Deficiente de dados,#808080
54,Invertebrado aquatico,Amaporã,PR,,Deficiente de dados,#808080
55,Invertebrado aquatico,Ampére,PR,,Deficiente de dados,#808080
56,Invertebrado aquatico,Anahy,PR,,Deficiente de dados,#808080
57,Invertebrado aquatico,Ângulo,PR,,Deficiente de dados,#808080
58,Invertebrado aquatico,Antonina,PR,,Deficiente de dados,#808080
59,Invertebrado aquatico,Antônio Olinto,PR,,Deficiente de dados,#808080
60,Invertebrado aquatico,Apucarana,PR,,Deficiente de dados,#808080
61,Invertebrado aquatico,Arapongas,PR,,Deficiente de dados,#808080
62,Invertebrado aquatico,Arapoti,PR,,Deficiente de dados,#808080
63,Invertebrado aquatico,Arapuã,PR,,Deficiente de dados,#808080
64,Invertebrado aquatico,Araruna,PR,,Deficiente de dados,#808080
65,Invertebrado aquatico,Araucária,PR,,Deficiente de dados,#808080
66,Invertebrado aquatico,Ariranha Do Ivaí,PR,,Deficiente de dados,#808080
67,Invertebrado aquatico,Assaí,PR,,Deficiente de dados,#808080
68,Invertebrado aquatico,Assis Chateaubriand,PR,,Deficiente de dados,#808080
69,Invertebrado aquatico,Astorga,PR,,Deficiente de dados,#808080
70,Invertebrado aquatico,Atalaia,PR,,Deficiente de dados,#808080
71,Invertebrado aquatico,Balsa Nova,PR,,Deficiente de dados,#808080
72,Invertebrado aquatico,Bandeirantes,PR,,Deficiente de dados,#808080
73,Invertebrado aquatico,Barbosa Ferraz,PR,,Deficiente de dados,#808080
74,Invertebrado aquatico,Barracão,PR,,Deficiente de dados,#808080
75,Invertebrado aquatico,Barra Do Jacaré,PR,,Deficiente de dados,#808080
76,Invertebrado aquatico,Bela Vista Da Caroba,PR,,Deficiente de dados,#808080
77,Invertebrado aquatico,Bela Vista Do Paraíso,PR,,Deficiente de dados,#808080
78,Invertebrado aquatico,Bituruna,PR,,Deficiente de dados,#808080
79,Invertebrado aquatico,Boa Esperança,PR,,Deficiente de dados,#808080
80,Invertebrado aquatico,Boa Esperança Do Iguaçu,PR,,Deficiente de dados,#808080
81,Invertebrado aquatico,Boa Ventura De São Roque,PR,,Deficiente de dados,#808080
82,Invertebrado aquatico,Boa Vista Da Aparecida,PR,,Deficiente de dados,#808080
83,Invertebrado aquatico,Bocaiúva Do Sul,PR,,Deficiente de dados,#808080
84,Invertebrado aquatico,Bom Jesus Do Sul,PR,,Deficiente de dados,#808080
85,Invertebrado aquatico,Bom Sucesso,PR,,Deficiente de dados,#808080
86,Invertebrado aquatico,Bom Sucesso Do Sul,PR,,Deficiente de dados,#808080
87,Invertebrado aquatico,Borrazópolis,PR,,Deficiente de dados,#808080
88,Invertebrado aquatico,Braganey,PR,,Deficiente de dados,#808080
89,Invertebrado aquatico,Brasilândia Do Sul,PR,,Deficiente de dados,#808080
90,Invertebrado aquatico,Cafeara,PR,,Deficiente de dados,#808080
91,Invertebrado aquatico,Cafelândia,PR,,Deficiente de dados,#808080
92,Invertebrado aquatico,Cafezal Do Sul,PR,,Deficiente de dados,#808080
93,Invertebrado aquatico,Califórnia,PR,,Deficiente de dados,#808080
94,Invertebrado aquatico,Cambira,PR,,Deficiente de dados,#808080
95,Invertebrado aquatico,Campina Da Lagoa,PR,,Deficiente de dados,#808080
96,Invertebrado aquatico,Campina Do Simão,PR,,Deficiente de dados,#808080
97,Invertebrado aquatico,Campina Grande Do Sul,PR,,Deficiente de dados,#808080
98,Invertebrado aquatico,Campo Bonito,PR,,Deficiente de dados,#808080
99,Invertebrado aquatico,Campo Do Tenente,PR,,Deficiente de dados,#808080
100,Invertebrado aquatico,Campo Largo,PR,,Deficiente de dados,#808080
101,Invertebrado aquatico,Campo Magro,PR,,Deficiente de dados,#808080
102,Invertebrado aquatico,Campo Mourão,PR,,Deficiente de dados,#808080
103,Invertebrado aquatico,Cândido De Abreu,PR,,Deficiente de dados,#808080
104,Invertebrado aquatico,Candói,PR,,Deficiente de dados,#808080
105,Invertebrado aquatico,Cantagalo,PR,,Deficiente de dados,#808080
106,Invertebrado aquatico,Capanema,PR,,Deficiente de dados,#808080
107,Invertebrado aquatico,Carambeí,PR,,Deficiente de dados,#808080
108,Invertebrado aquatico,Carlópolis,PR,,Deficiente de dados,#808080
109,Invertebrado aquatico,Cascavel,PR,,Deficiente de dados,#808080
110,Invertebrado aquatico,Castro,PR,,Deficiente de dados,#808080
111,Invertebrado aquatico,Catanduvas,PR,,Deficiente de dados,#808080
112,Invertebrado aquatico,Cerro Azul,PR,,Deficiente de dados,#808080
113,Invertebrado aquatico,Céu Azul,PR,,Deficiente de dados,#808080
114,Invertebrado aquatico,Chopinzinho,PR,,Deficiente de dados,#808080
115,Invertebrado aquatico,Cianorte,PR,,Deficiente de dados,#808080
116,Invertebrado aquatico,Cidade Gaúcha,PR,,Deficiente de dados,#808080
117,Invertebrado aquatico,Clevelândia,PR,,Deficiente de dados,#808080
118,Invertebrado aquatico,Colombo,PR,,Deficiente de dados,#808080
119,Invertebrado aquatico,Colorado,PR,,Deficiente de dados,#808080
120,Invertebrado aquatico,Congonhinhas,PR,,Deficiente de dados,#808080
121,Invertebrado aquatico,Conselheiro Mairinck,PR,,Deficiente de dados,#808080
122,Invertebrado aquatico,Contenda,PR,,Deficiente de dados,#808080
123,Invertebrado aquatico,Corbélia,PR,,Deficiente de dados,#808080
124,Invertebrado aquatico,Cornélio Procópio,PR,,Deficiente de dados,#808080
125,Invertebrado aquatico,Coronel Domingos Soares,PR,,Deficiente de dados,#808080
126,Invertebrado aquatico,Coronel Vivida,PR,,Deficiente de dados,#808080
127,Invertebrado aquatico,Corumbataí Do Sul,PR,,Deficiente de dados,#808080
128,Invertebrado aquatico,Cruzeiro Do Iguaçu,PR,,Deficiente de dados,#808080
129,Invertebrado aquatico,Cruzeiro Do Oeste,PR,,Deficiente de dados,#808080
130,Invertebrado aquatico,Cruzeiro Do Sul,PR,,Deficiente de dados,#808080
131,Invertebrado aquatico,Cruz Machado,PR,,Deficiente de dados,#808080
132,Invertebrado aquatico,Cruzmaltina,PR,,Deficiente de dados,#808080
133,Invertebrado aquatico,Curitiba,PR,,Deficiente de dados,#808080
134,Invertebrado aquatico,Curiúva,PR,,Deficiente de dados,#808080
135,Invertebrado aquatico,Diamante Do Sul,PR,,Deficiente de dados,#808080
136,Invertebrado aquatico,Diamante D'oeste,PR,,Deficiente de dados,#808080
137,Invertebrado aquatico,Dois Vizinhos,PR,,Deficiente de dados,#808080
138,Invertebrado aquatico,Douradina,PR,,Deficiente de dados,#808080
139,Invertebrado aquatico,Doutor Camargo,PR,,Deficiente de dados,#808080
140,Invertebrado aquatico,Enéas Marques,PR,,Deficiente de dados,#808080
141,Invertebrado aquatico,Engenheiro Beltrão,PR,,Deficiente de dados,#808080
142,Invertebrado aquatico,Esperança Nova,PR,,Deficiente de dados,#808080
143,Invertebrado aquatico,Entre Rios Do Oeste,PR,,Deficiente de dados,#808080
144,Invertebrado aquatico,Espigão Alto Do Iguaçu,PR,,Deficiente de dados,#808080
145,Invertebrado aquatico,Farol,PR,,Deficiente de dados,#808080
146,Invertebrado aquatico,Faxinal,PR,,Deficiente de dados,#808080
147,Invertebrado aquatico,Fazenda Rio Grande,PR,,Deficiente de dados,#808080
148,Invertebrado aquatico,Fênix,PR,,Deficiente de dados,#808080
149,Invertebrado aquatico,Fernandes Pinheiro,PR,,Deficiente de dados,#808080
150,Invertebrado aquatico,Figueira,PR,,Deficiente de dados,#808080
151,Invertebrado aquatico,Floraí,PR,,Deficiente de dados,#808080
152,Invertebrado aquatico,Flor Da Serra Do Sul,PR,,Deficiente de dados,#808080
153,Invertebrado aquatico,Florestópolis,PR,,Deficiente de dados,#808080
154,Invertebrado aquatico,Flórida,PR,,Deficiente de dados,#808080
155,Invertebrado aquatico,Formosa Do Oeste,PR,,Deficiente de dados,#808080
156,Invertebrado aquatico,Francisco Beltrão,PR,,Deficiente de dados,#808080
157,Invertebrado aquatico,Foz Do Jordão,PR,,Deficiente de dados,#808080
158,Invertebrado aquatico,General Carneiro,PR,,Deficiente de dados,#808080
159,Invertebrado aquatico,Godoy Moreira,PR,,Deficiente de dados,#808080
160,Invertebrado aquatico,Goioerê,PR,,Deficiente de dados,#808080
161,Invertebrado aquatico,Goioxim,PR,,Deficiente de dados,#808080
162,Invertebrado aquatico,Grandes Rios,PR,,Deficiente de dados,#808080
163,Invertebrado aquatico,Guairaçá,PR,,Deficiente de dados,#808080
164,Invertebrado aquatico,Guamiranga,PR,,Deficiente de dados,#808080
165,Invertebrado aquatico,Guapirama,PR,,Deficiente de dados,#808080
166,Invertebrado aquatico,Guaporema,PR,,Deficiente de dados,#808080
167,Invertebrado aquatico,Guaraci,PR,,Deficiente de dados,#808080
168,Invertebrado aquatico,Guaraniaçu,PR,,Deficiente de dados,#808080
169,Invertebrado aquatico,Guarapuava,PR,,Deficiente de dados,#808080
170,Invertebrado aquatico,Honório Serpa,PR,,Deficiente de dados,#808080
171,Invertebrado aquatico,Ibaiti,PR,,Deficiente de dados,#808080
172,Invertebrado aquatico,Ibema,PR,,Deficiente de dados,#808080
173,Invertebrado aquatico,Iguaraçu,PR,,Deficiente de dados,#808080
174,Invertebrado aquatico,Iguatu,PR,,Deficiente de dados,#808080
175,Invertebrado aquatico,Imbaú,PR,,Deficiente de dados,#808080
176,Invertebrado aquatico,Imbituva,PR,,Deficiente de dados,#808080
177,Invertebrado aquatico,Inácio Martins,PR,,Deficiente de dados,#808080
178,Invertebrado aquatico,Inajá,PR,,Deficiente de dados,#808080
179,Invertebrado aquatico,Indianópolis,PR,,Deficiente de dados,#808080
180,Invertebrado aquatico,Ipiranga,PR,,Deficiente de dados,#808080
181,Invertebrado aquatico,Iporã,PR,,Deficiente de dados,#808080
182,Invertebrado aquatico,Iracema Do Oeste,PR,,Deficiente de dados,#808080
183,Invertebrado aquatico,Irati,PR,,Deficiente de dados,#808080
184,Invertebrado aquatico,Iretama,PR,,Deficiente de dados,#808080
185,Invertebrado aquatico,Itaguajé,PR,,Deficiente de dados,#808080
186,Invertebrado aquatico,Itaipulândia,PR,,Deficiente de dados,#808080
187,Invertebrado aquatico,Itambaracá,PR,,Deficiente de dados,#808080
188,Invertebrado aquatico,Itambé,PR,,Deficiente de dados,#808080
189,Invertebrado aquatico,Itapejara D'oeste,PR,,Deficiente de dados,#808080
190,Invertebrado aquatico,Itaperuçu,PR,,Deficiente de dados,#808080
191,Invertebrado aquatico,Itaúna Do Sul,PR,,Deficiente de dados,#808080
192,Invertebrado aquatico,Ivaí,PR,,Deficiente de dados,#808080
193,Invertebrado aquatico,Ivaiporã,PR,,Deficiente de dados,#808080
194,Invertebrado aquatico,Ivaté,PR,,Deficiente de dados,#808080
195,Invertebrado aquatico,Ivatuba,PR,,Deficiente de dados,#808080
196,Invertebrado aquatico,Jaboti,PR,,Deficiente de dados,#808080
197,Invertebrado aquatico,Jacarezinho,PR,,Deficiente de dados,#808080
198,Invertebrado aquatico,Jaguapitã,PR,,Deficiente de dados,#808080
199,Invertebrado aquatico,Jaguariaíva,PR,,Deficiente de dados,#808080
200,Invertebrado aquatico,Jandaia Do Sul,PR,,Deficiente de dados,#808080
201,Invertebrado aquatico,Janiópolis,PR,,Deficiente de dados,#808080
202,Invertebrado aquatico,Japira,PR,,Deficiente de dados,#808080
203,Invertebrado aquatico,Jardim Alegre,PR,,Deficiente de dados,#808080
204,Invertebrado aquatico,Jardim Olinda,PR,,Deficiente de dados,#808080
205,Invertebrado aquatico,Jesuítas,PR,,Deficiente de dados,#808080
206,Invertebrado aquatico,Joaquim Távora,PR,,Deficiente de dados,#808080
207,Invertebrado aquatico,Jundiaí Do Sul,PR,,Deficiente de dados,#808080
208,Invertebrado aquatico,Juranda,PR,,Deficiente de dados,#808080
209,Invertebrado aquatico,Jussara,PR,,Deficiente de dados,#808080
210,Invertebrado aquatico,Kaloré,PR,,Deficiente de dados,#808080
211,Invertebrado aquatico,Laranjal,PR,,Deficiente de dados,#808080
212,Invertebrado aquatico,Laranjeiras Do Sul,PR,,Deficiente de dados,#808080
213,Invertebrado aquatico,Leópolis,PR,,Deficiente de dados,#808080
214,Invertebrado aquatico,Lidianópolis,PR,,Deficiente de dados,#808080
215,Invertebrado aquatico,Lindoeste,PR,,Deficiente de dados,#808080
216,Invertebrado aquatico,Loanda,PR,,Deficiente de dados,#808080
217,Invertebrado aquatico,Lobato,PR,,Deficiente de dados,#808080
218,Invertebrado aquatico,Luiziana,PR,,Deficiente de dados,#808080
219,Invertebrado aquatico,Lunardelli,PR,,Deficiente de dados,#808080
220,Invertebrado aquatico,Lupionópolis,PR,,Deficiente de dados,#808080
221,Invertebrado aquatico,Mallet,PR,,Deficiente de dados,#808080
222,Invertebrado aquatico,Mamborê,PR,,Deficiente de dados,#808080
223,Invertebrado aquatico,Mandaguaçu,PR,,Deficiente de dados,#808080
224,Invertebrado aquatico,Mandaguari,PR,,Deficiente de dados,#808080
225,Invertebrado aquatico,Mandirituba,PR,,Deficiente de dados,#808080
226,Invertebrado aquatico,Manfrinópolis,PR,,Deficiente de dados,#808080
227,Invertebrado aquatico,Manoel Ribas,PR,,Deficiente de dados,#808080
228,Invertebrado aquatico,Marechal Cândido Rondon,PR,,Deficiente de dados,#808080
229,Invertebrado aquatico,Maria Helena,PR,,Deficiente de dados,#808080
230,Invertebrado aquatico,Marialva,PR,,Deficiente de dados,#808080
231,Invertebrado aquatico,Marilândia Do Sul,PR,,Deficiente de dados,#808080
232,Invertebrado aquatico,Marilena,PR,,Deficiente de dados,#808080
233,Invertebrado aquatico,Mariluz,PR,,Deficiente de dados,#808080
234,Invertebrado aquatico,Mariópolis,PR,,Deficiente de dados,#808080
235,Invertebrado aquatico,Maripá,PR,,Deficiente de dados,#808080
236,Invertebrado aquatico,Marmeleiro,PR,,Deficiente de dados,#808080
237,Invertebrado aquatico,Marquinho,PR,,Deficiente de dados,#808080
238,Invertebrado aquatico,Marumbi,PR,,Deficiente de dados,#808080
239,Invertebrado aquatico,Mato Rico,PR,,Deficiente de dados,#808080
240,Invertebrado aquatico,Mauá Da Serra,PR,,Deficiente de dados,#808080
241,Invertebrado aquatico,Mercedes,PR,,Deficiente de dados,#808080
242,Invertebrado aquatico,Mirador,PR,,Deficiente de dados,#808080
243,Invertebrado aquatico,Miraselva,PR,,Deficiente de dados,#808080
244,Invertebrado aquatico,Missal,PR,,Deficiente de dados,#808080
245,Invertebrado aquatico,Moreira Sales,PR,,Deficiente de dados,#808080
246,Invertebrado aquatico,Morretes,PR,,Deficiente de dados,#808080
247,Invertebrado aquatico,Munhoz De Melo,PR,,Deficiente de dados,#808080
248,Invertebrado aquatico,Nossa Senhora Das Graças,PR,,Deficiente de dados,#808080
249,Invertebrado aquatico,Nova Aliança Do Ivaí,PR,,Deficiente de dados,#808080
250,Invertebrado aquatico,Nova América Da Colina,PR,,Deficiente de dados,#808080
251,Invertebrado aquatico,Nova Aurora,PR,,Deficiente de dados,#808080
252,Invertebrado aquatico,Nova Cantu,PR,,Deficiente de dados,#808080
253,Invertebrado aquatico,Nova Esperança,PR,,Deficiente de dados,#808080
254,Invertebrado aquatico,Nova Esperança Do Sudoeste,PR,,Deficiente de dados,#808080
255,Invertebrado aquatico,Nova Fátima,PR,,Deficiente de dados,#808080
256,Invertebrado aquatico,Nova Laranjeiras,PR,,Deficiente de dados,#808080
257,Invertebrado aquatico,Nova Londrina,PR,,Deficiente de dados,#808080
258,Invertebrado aquatico,Nova Olímpia,PR,,Deficiente de dados,#808080
259,Invertebrado aquatico,Nova Santa Bárbara,PR,,Deficiente de dados,#808080
260,Invertebrado aquatico,Nova Santa Rosa,PR,,Deficiente de dados,#808080
261,Invertebrado aquatico,Nova Tebas,PR,,Deficiente de dados,#808080
262,Invertebrado aquatico,Novo Itacolomi,PR,,Deficiente de dados,#808080
263,Invertebrado aquatico,Ortigueira,PR,,Deficiente de dados,#808080
264,Invertebrado aquatico,Ourizona,PR,,Deficiente de dados,#808080
265,Invertebrado aquatico,Ouro Verde Do Oeste,PR,,Deficiente de dados,#808080
266,Invertebrado aquatico,Paiçandu,PR,,Deficiente de dados,#808080
267,Invertebrado aquatico,Palmas,PR,,Deficiente de dados,#808080
268,Invertebrado aquatico,Palmeira,PR,,Deficiente de dados,#808080
269,Invertebrado aquatico,Palotina,PR,,Deficiente de dados,#808080
270,Invertebrado aquatico,Paraíso Do Norte,PR,,Deficiente de dados,#808080
271,Invertebrado aquatico,Paranacity,PR,,Deficiente de dados,#808080
272,Invertebrado aquatico,Paranapoema,PR,,Deficiente de dados,#808080
273,Invertebrado aquatico,Paranavaí,PR,,Deficiente de dados,#808080
274,Invertebrado aquatico,Pato Bragado,PR,,Deficiente de dados,#808080
275,Invertebrado aquatico,Pato Branco,PR,,Deficiente de dados,#808080
276,Invertebrado aquatico,Paula Freitas,PR,,Deficiente de dados,#808080
277,Invertebrado aquatico,Paulo Frontin,PR,,Deficiente de dados,#808080
278,Invertebrado aquatico,Peabiru,PR,,Deficiente de dados,#808080
279,Invertebrado aquatico,Perobal,PR,,Deficiente de dados,#808080
280,Invertebrado aquatico,Pérola,PR,,Deficiente de dados,#808080
281,Invertebrado aquatico,Pérola D'oeste,PR,,Deficiente de dados,#808080
282,Invertebrado aquatico,Piên,PR,,Deficiente de dados,#808080
283,Invertebrado aquatico,Pinhais,PR,,Deficiente de dados,#808080
284,Invertebrado aquatico,Pinhalão,PR,,Deficiente de dados,#808080
285,Invertebrado aquatico,Pinhal De São Bento,PR,,Deficiente de dados,#808080
286,Invertebrado aquatico,Piraí Do Sul,PR,,Deficiente de dados,#808080
287,Invertebrado aquatico,Pitanga,PR,,Deficiente de dados,#808080
288,Invertebrado aquatico,Pitangueiras,PR,,Deficiente de dados,#808080
289,Invertebrado aquatico,Planaltina Do Paraná,PR,,Deficiente de dados,#808080
290,Invertebrado aquatico,Planalto,PR,,Deficiente de dados,#808080
291,Invertebrado aquatico,Porecatu,PR,,Deficiente de dados,#808080
292,Invertebrado aquatico,Porto Amazonas,PR,,Deficiente de dados,#808080
293,Invertebrado aquatico,Porto Barreiro,PR,,Deficiente de dados,#808080
294,Invertebrado aquatico,Porto Vitória,PR,,Deficiente de dados,#808080
295,Invertebrado aquatico,Prado Ferreira,PR,,Deficiente de dados,#808080
296,Invertebrado aquatico,Pranchita,PR,,Deficiente de dados,#808080
297,Invertebrado aquatico,Presidente Castelo Branco,PR,,Deficiente de dados,#808080
298,Invertebrado aquatico,Prudentópolis,PR,,Deficiente de dados,#808080
299,Invertebrado aquatico,Quarto Centenário,PR,,Deficiente de dados,#808080
300,Invertebrado aquatico,Quatiguá,PR,,Deficiente de dados,#808080
301,Invertebrado aquatico,Quatro Barras,PR,,Deficiente de dados,#808080
302,Invertebrado aquatico,Quatro Pontes,PR,,Deficiente de dados,#808080
303,Invertebrado aquatico,Quinta Do Sol,PR,,Deficiente de dados,#808080
304,Invertebrado aquatico,Quitandinha,PR,,Deficiente de dados,#808080
305,Invertebrado aquatico,Ramilândia,PR,,Deficiente de dados,#808080
306,Invertebrado aquatico,Rancho Alegre,PR,,Deficiente de dados,#808080
307,Invertebrado aquatico,Rancho Alegre D'oeste,PR,,Deficiente de dados,#808080
308,Invertebrado aquatico,Realeza,PR,,Deficiente de dados,#808080
309,Invertebrado aquatico,Rebouças,PR,,Deficiente de dados,#808080
310,Invertebrado aquatico,Renascença,PR,,Deficiente de dados,#808080
311,Invertebrado aquatico,Reserva,PR,,Deficiente de dados,#808080
312,Invertebrado aquatico,Reserva Do Iguaçu,PR,,Deficiente de dados,#808080
313,Invertebrado aquatico,Ribeirão Do Pinhal,PR,,Deficiente de dados,#808080
314,Invertebrado aquatico,Rio Azul,PR,,Deficiente de dados,#808080
315,Invertebrado aquatico,Rio Bom,PR,,Deficiente de dados,#808080
316,Invertebrado aquatico,Rio Bonito Do Iguaçu,PR,,Deficiente de dados,#808080
317,Invertebrado aquatico,Rio Branco Do Ivaí,PR,,Deficiente de dados,#808080
318,Invertebrado aquatico,Rio Branco Do Sul,PR,,Deficiente de dados,#808080
319,Invertebrado aquatico,Rio Negro,PR,,Deficiente de dados,#808080
320,Invertebrado aquatico,Rolândia,PR,,Deficiente de dados,#808080
321,Invertebrado aquatico,Roncador,PR,,Deficiente de dados,#808080
322,Invertebrado aquatico,Rondon,PR,,Deficiente de dados,#808080
323,Invertebrado aquatico,Rosário Do Ivaí,PR,,Deficiente de dados,#808080
324,Invertebrado aquatico,Sabáudia,PR,,Deficiente de dados,#808080
325,Invertebrado aquatico,Salgado Filho,PR,,Deficiente de dados,#808080
326,Invertebrado aquatico,Salto Do Itararé,PR,,Deficiente de dados,#808080
327,Invertebrado aquatico,Salto Do Lontra,PR,,Deficiente de dados,#808080
328,Invertebrado aquatico,Santa Amélia,PR,,Deficiente de dados,#808080
329,Invertebrado aquatico,Santa Cecília Do Pavão,PR,,Deficiente de dados,#808080
330,Invertebrado aquatico,Santa Cruz De Monte Castelo,PR,,Deficiente de dados,#808080
331,Invertebrado aquatico,Santa Fé,PR,,Deficiente de dados,#808080
332,Invertebrado aquatico,Santa Inês,PR,,Deficiente de dados,#808080
333,Invertebrado aquatico,Santa Isabel Do Ivaí,PR,,Deficiente de dados,#808080
334,Invertebrado aquatico,Santa Izabel Do Oeste,PR,,Deficiente de dados,#808080
335,Invertebrado aquatico,Santa Lúcia,PR,,Deficiente de dados,#808080
336,Invertebrado aquatico,Santa Maria Do Oeste,PR,,Deficiente de dados,#808080
337,Invertebrado aquatico,Santa Mariana,PR,,Deficiente de dados,#808080
338,Invertebrado aquatico,Santa Mônica,PR,,Deficiente de dados,#808080
339,Invertebrado aquatico,Santana Do Itararé,PR,,Deficiente de dados,#808080
340,Invertebrado aquatico,Santa Tereza Do Oeste,PR,,Deficiente de dados,#808080
341,Invertebrado aquatico,Santo Antônio Da Platina,PR,,Deficiente de dados,#808080
342,Invertebrado aquatico,Santo Antônio Do Caiuá,PR,,Deficiente de dados,#808080
343,Invertebrado aquatico,Santo Antônio Do Paraíso,PR,,Deficiente de dados,#808080
344,Invertebrado aquatico,Santo Antônio Do Sudoeste,PR,,Deficiente de dados,#808080
345,Invertebrado aquatico,Santo Inácio,PR,,Deficiente de dados,#808080
346,Invertebrado aquatico,São Carlos Do Ivaí,PR,,Deficiente de dados,#808080
347,Invertebrado aquatico,São Jerônimo Da Serra,PR,,Deficiente de dados,#808080
348,Invertebrado aquatico,São João,PR,,Deficiente de dados,#808080
349,Invertebrado aquatico,São João Do Caiuá,PR,,Deficiente de dados,#808080
350,Invertebrado aquatico,São João Do Ivaí,PR,,Deficiente de dados,#808080
351,Invertebrado aquatico,São João Do Triunfo,PR,,Deficiente de dados,#808080
352,Invertebrado aquatico,São Jorge D'oeste,PR,,Deficiente de dados,#808080
353,Invertebrado aquatico,São Jorge Do Ivaí,PR,,Deficiente de dados,#808080
354,Invertebrado aquatico,São José Da Boa Vista,PR,,Deficiente de dados,#808080
355,Invertebrado aquatico,São José Das Palmeiras,PR,,Deficiente de dados,#808080
356,Invertebrado aquatico,São José Dos Pinhais,PR,,Deficiente de dados,#808080
357,Invertebrado aquatico,São Manoel Do Paraná,PR,,Deficiente de dados,#808080
358,Invertebrado aquatico,São Miguel Do Iguaçu,PR,,Deficiente de dados,#808080
359,Invertebrado aquatico,São Pedro Do Iguaçu,PR,,Deficiente de dados,#808080
360,Invertebrado aquatico,São Pedro Do Ivaí,PR,,Deficiente de dados,#808080
361,Invertebrado aquatico,São Pedro Do Paraná,PR,,Deficiente de dados,#808080
362,Invertebrado aquatico,São Sebastião Da Amoreira,PR,,Deficiente de dados,#808080
363,Invertebrado aquatico,São Tomé,PR,,Deficiente de dados,#808080
364,Invertebrado aquatico,Sapopema,PR,,Deficiente de dados,#808080
365,Invertebrado aquatico,Sarandi,PR,,Deficiente de dados,#808080
366,Invertebrado aquatico,Saudade Do Iguaçu,PR,,Deficiente de dados,#808080
367,Invertebrado aquatico,Sengés,PR,,Deficiente de dados,#808080
368,Invertebrado aquatico,Serranópolis Do Iguaçu,PR,,Deficiente de dados,#808080
369,Invertebrado aquatico,Siqueira Campos,PR,,Deficiente de dados,#808080
370,Invertebrado aquatico,Sulina,PR,,Deficiente de dados,#808080
371,Invertebrado aquatico,Tamarana,PR,,Deficiente de dados,#808080
372,Invertebrado aquatico,Tamboara,PR,,Deficiente de dados,#808080
373,Invertebrado aquatico,Tapejara,PR,,Deficiente de dados,#808080
374,Invertebrado aquatico,Tapira,PR,,Deficiente de dados,#808080
375,Invertebrado aquatico,Teixeira Soares,PR,,Deficiente de dados,#808080
376,Invertebrado aquatico,Terra Boa,PR,,Deficiente de dados,#808080
377,Invertebrado aquatico,Terra Rica,PR,,Deficiente de dados,#808080
378,Invertebrado aquatico,Terra Roxa,PR,,Deficiente de dados,#808080
379,Invertebrado aquatico,Tibagi,PR,,Deficiente de dados,#808080
380,Invertebrado aquatico,Tijucas Do Sul,PR,,Deficiente de dados,#808080
381,Invertebrado aquatico,Toledo,PR,,Deficiente de dados,#808080
382,Invertebrado aquatico,Tomazina,PR,,Deficiente de dados,#808080
383,Invertebrado aquatico,Três Barras Do Paraná,PR,,Deficiente de dados,#808080
384,Invertebrado aquatico,Tunas Do Paraná,PR,,Deficiente de dados,#808080
385,Invertebrado aquatico,Tuneiras Do Oeste,PR,,Deficiente de dados,#808080
386,Invertebrado aquatico,Tupãssi,PR,,Deficiente de dados,#808080
387,Invertebrado aquatico,Turvo,PR,,Deficiente de dados,#808080
388,Invertebrado aquatico,Umuarama,PR,,Deficiente de dados,#808080
389,Invertebrado aquatico,União Da Vitória,PR,,Deficiente de dados,#808080
390,Invertebrado aquatico,Uniflor,PR,,Deficiente de dados,#808080
391,Invertebrado aquatico,Uraí,PR,,Deficiente de dados,#808080
392,Invertebrado aquatico,Wenceslau Braz,PR,,Deficiente de dados,#808080
393,Invertebrado aquatico,Ventania,PR,,Deficiente de dados,#808080
394,Invertebrado aquatico,Vera Cruz Do Oeste,PR,,Deficiente de dados,#808080
395,Invertebrado aquatico,Verê,PR,,Deficiente de dados,#808080
396,Invertebrado aquatico,Doutor Ulysses,PR,,Deficiente de dados,#808080
397,Invertebrado aquatico,Virmond,PR,,Deficiente de dados,#808080
398,Invertebrado aquatico,Vitorino,PR,,Deficiente de dados,#808080
399,Invertebrado aquatico,Xambrê,PR,,Deficiente de dados,#808080
400,Planta aquatica,Adrianópolis,PR,1,Muito Baixo,#00a6ca
401,Planta aquatica,Antonina,PR,5,Muito Alto,#d11a2a
402,Planta aquatica,Apucarana,PR,2,Baixo,#f9f871
403,Planta aquatica,Arapongas,PR,3,Médio,#ffc44d
404,Planta aquatica,Arapuã,PR,4,Alto,#ff7a43
405,Planta aquatica,Araruna,PR,3,Médio,#ffc44d
406,Planta aquatica,Assis Chateaubriand,PR,1,Muito Baixo,#00a6ca
407,Planta aquatica,Balsa Nova,PR,5,Muito Alto,#d11a2a
408,Planta aquatica,Boa Vista Da Aparecida,PR,4,Alto,#ff7a43
409,Planta aquatica,Bocaiúva Do Sul,PR,2,Baixo,#f9f871
410,Planta aquatica,Cafelândia,PR,4,Alto,#ff7a43
411,Planta aquatica,Cambé,PR,3,Médio,#ffc44d
412,Planta aquatica,Campina Grande Do Sul,PR,2,Baixo,#f9f871
413,Planta aquatica,Campo Do Tenente,PR,4,Alto,#ff7a43
414,Planta aquatica,Campo Largo,PR,1,Muito Baixo,#00a6ca
415,Planta aquatica,Campo Mourão,PR,5,Muito Alto,#d11a2a
416,Planta aquatica,Cantagalo,PR,2,Baixo,#f9f871
417,Planta aquatica,Cascavel,PR,1,Muito Baixo,#00a6ca
418,Planta aquatica,Cerro Azul,PR,1,Muito Baixo,#00a6ca
419,Planta aquatica,Chopinzinho,PR,1,Muito Baixo,#00a6ca
420,Planta aquatica,Colombo,PR,5,Muito Alto,#d11a2a
421,Planta aquatica,Curitiba,PR,5,Muito Alto,#d11a2a
422,Planta aquatica,Curiúva,PR,2,Baixo,#f9f871
423,Planta aquatica,Cândido De Abreu,PR,2,Baixo,#f9f871
424,Planta aquatica,Céu Azul,PR,1,Muito Baixo,#00a6ca
425,Planta aquatica,Diamante Do Norte,PR,5,Muito Alto,#d11a2a
426,Planta aquatica,Dois Vizinhos,PR,4,Alto,#ff7a43
427,Planta aquatica,Engenheiro Beltrão,PR,3,Médio,#ffc44d
428,Planta aquatica,Entre Rios Do Oeste,PR,5,Muito Alto,#d11a2a
429,Planta aquatica,Foz Do Iguaçu,PR,5,Muito Alto,#d11a2a
430,Planta aquatica,Fênix,PR,4,Alto,#ff7a43
431,Planta aquatica,General Carneiro,PR,3,Médio,#ffc44d
432,Planta aquatica,Guairaçá,PR,3,Médio,#ffc44d
433,Planta aquatica,Guarapuava,PR,1,Muito Baixo,#00a6ca
434,Planta aquatica,Guaraqueçaba,PR,4,Alto,#ff7a43
435,Planta aquatica,Guaratuba,PR,4,Alto,#ff7a43
436,Planta aquatica,Guaíra,PR,4,Alto,#ff7a43
437,Planta aquatica,Ibaiti,PR,1,Muito Baixo,#00a6ca
438,Planta aquatica,Icaraíma,PR,5,Muito Alto,#d11a2a
439,Planta aquatica,Imbituva,PR,2,Baixo,#f9f871
440,Planta aquatica,Inácio Martins,PR,1,Muito Baixo,#00a6ca
441,Planta aquatica,Ipiranga,PR,1,Muito Baixo,#00a6ca
442,Planta aquatica,Irati,PR,1,Muito Baixo,#00a6ca
443,Planta aquatica,Itaguajé,PR,4,Alto,#ff7a43
444,Planta aquatica,Itaperuçu,PR,3,Médio,#ffc44d
445,Planta aquatica,Ivaté,PR,3,Médio,#ffc44d
446,Planta aquatica,Jaguariaíva,PR,1,Muito Baixo,#00a6ca
447,Planta aquatica,Jardim Olinda,PR,5,Muito Alto,#d11a2a
448,Planta aquatica,Jesuítas,PR,4,Alto,#ff7a43
449,Planta aquatica,Laranjal,PR,2,Baixo,#f9f871
450,Planta aquatica,Londrina,PR,4,Alto,#ff7a43
451,Planta aquatica,Luiziana,PR,1,Muito Baixo,#00a6ca
452,Planta aquatica,Mamborê,PR,2,Baixo,#f9f871
453,Planta aquatica,Mangueirinha,PR,3,Médio,#ffc44d
454,Planta aquatica,Marechal Cândido Rondon,PR,2,Baixo,#f9f871
455,Planta aquatica,Maringá,PR,5,Muito Alto,#d11a2a
456,Planta aquatica,Matelândia,PR,3,Médio,#ffc44d
457,Planta aquatica,Matinhos,PR,5,Muito Alto,#d11a2a
458,Planta aquatica,Mauá Da Serra,PR,5,Muito Alto,#d11a2a
459,Planta aquatica,Morretes,PR,5,Muito Alto,#d11a2a
460,Planta aquatica,Nossa Senhora Das Graças,PR,4,Alto,#ff7a43
461,Planta aquatica,Nova Laranjeiras,PR,1,Muito Baixo,#00a6ca
462,Planta aquatica,Nova Londrina,PR,4,Alto,#ff7a43
463,Planta aquatica,Nova Olímpia,PR,5,Muito Alto,#d11a2a
464,Planta aquatica,Nova Tebas,PR,4,Alto,#ff7a43
465,Planta aquatica,Ortigueira,PR,1,Muito Baixo,#00a6ca
466,Planta aquatica,Palmeira,PR,2,Baixo,#f9f871
467,Planta aquatica,Palmital,PR,2,Baixo,#f9f871
468,Planta aquatica,Paranaguá,PR,5,Muito Alto,#d11a2a
469,Planta aquatica,Paranavaí,PR,1,Muito Baixo,#00a6ca
470,Planta aquatica,Perobal,PR,3,Médio,#ffc44d
471,Planta aquatica,Pinhais,PR,5,Muito Alto,#d11a2a
472,Planta aquatica,Pinhão,PR,1,Muito Baixo,#00a6ca
473,Planta aquatica,Piraquara,PR,4,Alto,#ff7a43
474,Planta aquatica,Ponta Grossa,PR,3,Médio,#ffc44d
475,Planta aquatica,Pontal Do Paraná,PR,5,Muito Alto,#d11a2a
476,Planta aquatica,Porto Rico,PR,5,Muito Alto,#d11a2a
477,Planta aquatica,Quatro Barras,PR,4,Alto,#ff7a43
478,Planta aquatica,Quedas Do Iguaçu,PR,2,Baixo,#f9f871
479,Planta aquatica,Querência Do Norte,PR,1,Muito Baixo,#00a6ca
480,Planta aquatica,Reserva Do Iguaçu,PR,3,Médio,#ffc44d
481,Planta aquatica,Ribeirão Claro,PR,2,Baixo,#f9f871
482,Planta aquatica,Rio Branco Do Sul,PR,2,Baixo,#f9f871
483,Planta aquatica,Rolândia,PR,3,Médio,#ffc44d
484,Planta aquatica,Salgado Filho,PR,4,Alto,#ff7a43
485,Planta aquatica,Salto Do Lontra,PR,4,Alto,#ff7a43
486,Planta aquatica,Santa Cruz De Monte Castelo,PR,3,Médio,#ffc44d
487,Planta aquatica,Santa Helena,PR,2,Baixo,#f9f871
488,Planta aquatica,Santa Isabel Do Ivaí,PR,3,Médio,#ffc44d
489,Planta aquatica,Santa Maria Do Oeste,PR,2,Baixo,#f9f871
490,Planta aquatica,Santa Terezinha De Itaipu,PR,5,Muito Alto,#d11a2a
491,Planta aquatica,Sapopema,PR,2,Baixo,#f9f871
492,Planta aquatica,Serranópolis Do Iguaçu,PR,3,Médio,#ffc44d
493,Planta aquatica,Siqueira Campos,PR,4,Alto,#ff7a43
494,Planta aquatica,São Jorge Do Patrocínio,PR,3,Médio,#ffc44d
495,Planta aquatica,São José Da Boa Vista,PR,3,Médio,#ffc44d
496,Planta aquatica,São José Dos Pinhais,PR,1,Muito Baixo,#00a6ca
497,Planta aquatica,São João Do Triunfo,PR,2,Baixo,#f9f871
498,Planta aquatica,São Mateus Do Sul,PR,1,Muito Baixo,#00a6ca
499,Planta aquatica,São Miguel Do Iguaçu,PR,2,Baixo,#f9f871
500,Planta aquatica,São Pedro Do Paraná,PR,4,Alto,#ff7a43
501,Planta aquatica,Tamarana,PR,4,Alto,#ff7a43
502,Planta aquatica,Tapira,PR,3,Médio,#ffc44d
503,Planta aquatica,Teixeira Soares,PR,1,Muito Baixo,#00a6ca
504,Planta aquatica,Tibagi,PR,1,Muito Baixo,#00a6ca
505,Planta aquatica,Tijucas Do Sul,PR,5,Muito Alto,#d11a2a
506,Planta aquatica,Três Barras Do Paraná,PR,3,Médio,#ffc44d
507,Planta aquatica,Tunas Do Paraná,PR,2,Baixo,#f9f871
508,Planta aquatica,Tuneiras Do Oeste,PR,5,Muito Alto,#d11a2a
509,Planta aquatica,Turvo,PR,3,Médio,#ffc44d
510,Planta aquatica,União Da Vitória,PR,2,Baixo,#f9f871
511,Planta aquatica,Abatiá,PR,,Deficiente de dados,#808080
512,Planta aquatica,Agudos Do Sul,PR,,Deficiente de dados,#808080
513,Planta aquatica,Almirante Tamandaré,PR,,Deficiente de dados,#808080
514,Planta aquatica,Altamira Do Paraná,PR,,Deficiente de dados,#808080
515,Planta aquatica,Altônia,PR,,Deficiente de dados,#808080
516,Planta aquatica,Alto Paraná,PR,,Deficiente de dados,#808080
517,Planta aquatica,Alto Piquiri,PR,,Deficiente de dados,#808080
518,Planta aquatica,Alvorada Do Sul,PR,,Deficiente de dados,#808080
519,Planta aquatica,Amaporã,PR,,Deficiente de dados,#808080
520,Planta aquatica,Ampére,PR,,Deficiente de dados,#808080
521,Planta aquatica,Anahy,PR,,Deficiente de dados,#808080
522,Planta aquatica,Andirá,PR,,Deficiente de dados,#808080
523,Planta aquatica,Ângulo,PR,,Deficiente de dados,#808080
524,Planta aquatica,Antônio Olinto,PR,,Deficiente de dados,#808080
525,Planta aquatica,Arapoti,PR,,Deficiente de dados,#808080
526,Planta aquatica,Araucária,PR,,Deficiente de dados,#808080
527,Planta aquatica,Ariranha Do Ivaí,PR,,Deficiente de dados,#808080
528,Planta aquatica,Assaí,PR,,Deficiente de dados,#808080
529,Planta aquatica,Astorga,PR,,Deficiente de dados,#808080
530,Planta aquatica,Atalaia,PR,,Deficiente de dados,#808080
531,Planta aquatica,Bandeirantes,PR,,Deficiente de dados,#808080
532,Planta aquatica,Barbosa Ferraz,PR,,Deficiente de dados,#808080
533,Planta aquatica,Barracão,PR,,Deficiente de dados,#808080
534,Planta aquatica,Barra Do Jacaré,PR,,Deficiente de dados,#808080
535,Planta aquatica,Bela Vista Da Caroba,PR,,Deficiente de dados,#808080
536,Planta aquatica,Bela Vista Do Paraíso,PR,,Deficiente de dados,#808080
537,Planta aquatica,Bituruna,PR,,Deficiente de dados,#808080
538,Planta aquatica,Boa Esperança,PR,,Deficiente de dados,#808080
539,Planta aquatica,Boa Esperança Do Iguaçu,PR,,Deficiente de dados,#808080
540,Planta aquatica,Boa Ventura De São Roque,PR,,Deficiente de dados,#808080
541,Planta aquatica,Bom Jesus Do Sul,PR,,Deficiente de dados,#808080
542,Planta aquatica,Bom Sucesso,PR,,Deficiente de dados,#808080
543,Planta aquatica,Bom Sucesso Do Sul,PR,,Deficiente de dados,#808080
544,Planta aquatica,Borrazópolis,PR,,Deficiente de dados,#808080
545,Planta aquatica,Braganey,PR,,Deficiente de dados,#808080
546,Planta aquatica,Brasilândia Do Sul,PR,,Deficiente de dados,#808080
547,Planta aquatica,Cafeara,PR,,Deficiente de dados,#808080
548,Planta aquatica,Cafezal Do Sul,PR,,Deficiente de dados,#808080
549,Planta aquatica,Califórnia,PR,,Deficiente de dados,#808080
550,Planta aquatica,Cambará,PR,,Deficiente de dados,#808080
551,Planta aquatica,Cambira,PR,,Deficiente de dados,#808080
552,Planta aquatica,Campina Da Lagoa,PR,,Deficiente de dados,#808080
553,Planta aquatica,Campina Do Simão,PR,,Deficiente de dados,#808080
554,Planta aquatica,Campo Bonito,PR,,Deficiente de dados,#808080
555,Planta aquatica,Campo Magro,PR,,Deficiente de dados,#808080
556,Planta aquatica,Candói,PR,,Deficiente de dados,#808080
557,Planta aquatica,Capanema,PR,,Deficiente de dados,#808080
558,Planta aquatica,Capitão Leônidas Marques,PR,,Deficiente de dados,#808080
559,Planta aquatica,Carambeí,PR,,Deficiente de dados,#808080
560,Planta aquatica,Carlópolis,PR,,Deficiente de dados,#808080
561,Planta aquatica,Castro,PR,,Deficiente de dados,#808080
562,Planta aquatica,Catanduvas,PR,,Deficiente de dados,#808080
563,Planta aquatica,Centenário Do Sul,PR,,Deficiente de dados,#808080
564,Planta aquatica,Cianorte,PR,,Deficiente de dados,#808080
565,Planta aquatica,Cidade Gaúcha,PR,,Deficiente de dados,#808080
566,Planta aquatica,Clevelândia,PR,,Deficiente de dados,#808080
567,Planta aquatica,Colorado,PR,,Deficiente de dados,#808080
568,Planta aquatica,Congonhinhas,PR,,Deficiente de dados,#808080
569,Planta aquatica,Conselheiro Mairinck,PR,,Deficiente de dados,#808080
570,Planta aquatica,Contenda,PR,,Deficiente de dados,#808080
571,Planta aquatica,Corbélia,PR,,Deficiente de dados,#808080
572,Planta aquatica,Cornélio Procópio,PR,,Deficiente de dados,#808080
573,Planta aquatica,Coronel Domingos Soares,PR,,Deficiente de dados,#808080
574,Planta aquatica,Coronel Vivida,PR,,Deficiente de dados,#808080
575,Planta aquatica,Corumbataí Do Sul,PR,,Deficiente de dados,#808080
576,Planta aquatica,Cruzeiro Do Iguaçu,PR,,Deficiente de dados,#808080
577,Planta aquatica,Cruzeiro Do Oeste,PR,,Deficiente de dados,#808080
578,Planta aquatica,Cruzeiro Do Sul,PR,,Deficiente de dados,#808080
579,Planta aquatica,Cruz Machado,PR,,Deficiente de dados,#808080
580,Planta aquatica,Cruzmaltina,PR,,Deficiente de dados,#808080
581,Planta aquatica,Diamante Do Sul,PR,,Deficiente de dados,#808080
582,Planta aquatica,Diamante D'oeste,PR,,Deficiente de dados,#808080
583,Planta aquatica,Douradina,PR,,Deficiente de dados,#808080
584,Planta aquatica,Doutor Camargo,PR,,Deficiente de dados,#808080
585,Planta aquatica,Enéas Marques,PR,,Deficiente de dados,#808080
586,Planta aquatica,Esperança Nova,PR,,Deficiente de dados,#808080
587,Planta aquatica,Espigão Alto Do Iguaçu,PR,,Deficiente de dados,#808080
588,Planta aquatica,Farol,PR,,Deficiente de dados,#808080
589,Planta aquatica,Faxinal,PR,,Deficiente de dados,#808080
590,Planta aquatica,Fazenda Rio Grande,PR,,Deficiente de dados,#808080
591,Planta aquatica,Fernandes Pinheiro,PR,,Deficiente de dados,#808080
592,Planta aquatica,Figueira,PR,,Deficiente de dados,#808080
593,Planta aquatica,Floraí,PR,,Deficiente de dados,#808080
594,Planta aquatica,Flor Da Serra Do Sul,PR,,Deficiente de dados,#808080
595,Planta aquatica,Floresta,PR,,Deficiente de dados,#808080
596,Planta aquatica,Florestópolis,PR,,Deficiente de dados,#808080
597,Planta aquatica,Flórida,PR,,Deficiente de dados,#808080
598,Planta aquatica,Formosa Do Oeste,PR,,Deficiente de dados,#808080
599,Planta aquatica,Francisco Alves,PR,,Deficiente de dados,#808080
600,Planta aquatica,Francisco Beltrão,PR,,Deficiente de dados,#808080
601,Planta aquatica,Foz Do Jordão,PR,,Deficiente de dados,#808080
602,Planta aquatica,Godoy Moreira,PR,,Deficiente de dados,#808080
603,Planta aquatica,Goioerê,PR,,Deficiente de dados,#808080
604,Planta aquatica,Goioxim,PR,,Deficiente de dados,#808080
605,Planta aquatica,Grandes Rios,PR,,Deficiente de dados,#808080
606,Planta aquatica,Guamiranga,PR,,Deficiente de dados,#808080
607,Planta aquatica,Guapirama,PR,,Deficiente de dados,#808080
608,Planta aquatica,Guaporema,PR,,Deficiente de dados,#808080
609,Planta aquatica,Guaraci,PR,,Deficiente de dados,#808080
610,Planta aquatica,Guaraniaçu,PR,,Deficiente de dados,#808080
611,Planta aquatica,Honório Serpa,PR,,Deficiente de dados,#808080
612,Planta aquatica,Ibema,PR,,Deficiente de dados,#808080
613,Planta aquatica,Ibiporã,PR,,Deficiente de dados,#808080
614,Planta aquatica,Iguaraçu,PR,,Deficiente de dados,#808080
615,Planta aquatica,Iguatu,PR,,Deficiente de dados,#808080
616,Planta aquatica,Imbaú,PR,,Deficiente de dados,#808080
617,Planta aquatica,Inajá,PR,,Deficiente de dados,#808080
618,Planta aquatica,Indianópolis,PR,,Deficiente de dados,#808080
619,Planta aquatica,Iporã,PR,,Deficiente de dados,#808080
620,Planta aquatica,Iracema Do Oeste,PR,,Deficiente de dados,#808080
621,Planta aquatica,Iretama,PR,,Deficiente de dados,#808080
622,Planta aquatica,Itaipulândia,PR,,Deficiente de dados,#808080
623,Planta aquatica,Itambaracá,PR,,Deficiente de dados,#808080
624,Planta aquatica,Itambé,PR,,Deficiente de dados,#808080
625,Planta aquatica,Itapejara D'oeste,PR,,Deficiente de dados,#808080
626,Planta aquatica,Itaúna Do Sul,PR,,Deficiente de dados,#808080
627,Planta aquatica,Ivaí,PR,,Deficiente de dados,#808080
628,Planta aquatica,Ivaiporã,PR,,Deficiente de dados,#808080
629,Planta aquatica,Ivatuba,PR,,Deficiente de dados,#808080
630,Planta aquatica,Jaboti,PR,,Deficiente de dados,#808080
631,Planta aquatica,Jacarezinho,PR,,Deficiente de dados,#808080
632,Planta aquatica,Jaguapitã,PR,,Deficiente de dados,#808080
633,Planta aquatica,Jandaia Do Sul,PR,,Deficiente de dados,#808080
634,Planta aquatica,Janiópolis,PR,,Deficiente de dados,#808080
635,Planta aquatica,Japira,PR,,Deficiente de dados,#808080
636,Planta aquatica,Japurá,PR,,Deficiente de dados,#808080
637,Planta aquatica,Jardim Alegre,PR,,Deficiente de dados,#808080
638,Planta aquatica,Jataizinho,PR,,Deficiente de dados,#808080
639,Planta aquatica,Joaquim Távora,PR,,Deficiente de dados,#808080
640,Planta aquatica,Jundiaí Do Sul,PR,,Deficiente de dados,#808080
641,Planta aquatica,Juranda,PR,,Deficiente de dados,#808080
642,Planta aquatica,Jussara,PR,,Deficiente de dados,#808080
643,Planta aquatica,Kaloré,PR,,Deficiente de dados,#808080
644,Planta aquatica,Lapa,PR,,Deficiente de dados,#808080
645,Planta aquatica,Laranjeiras Do Sul,PR,,Deficiente de dados,#808080
646,Planta aquatica,Leópolis,PR,,Deficiente de dados,#808080
647,Planta aquatica,Lidianópolis,PR,,Deficiente de dados,#808080
648,Planta aquatica,Lindoeste,PR,,Deficiente de dados,#808080
649,Planta aquatica,Loanda,PR,,Deficiente de dados,#808080
650,Planta aquatica,Lobato,PR,,Deficiente de dados,#808080
651,Planta aquatica,Lunardelli,PR,,Deficiente de dados,#808080
652,Planta aquatica,Lupionópolis,PR,,Deficiente de dados,#808080
653,Planta aquatica,Mallet,PR,,Deficiente de dados,#808080
654,Planta aquatica,Mandaguaçu,PR,,Deficiente de dados,#808080
655,Planta aquatica,Mandaguari,PR,,Deficiente de dados,#808080
656,Planta aquatica,Mandirituba,PR,,Deficiente de dados,#808080
657,Planta aquatica,Manfrinópolis,PR,,Deficiente de dados,#808080
658,Planta aquatica,Manoel Ribas,PR,,Deficiente de dados,#808080
659,Planta aquatica,Maria Helena,PR,,Deficiente de dados,#808080
660,Planta aquatica,Marialva,PR,,Deficiente de dados,#808080
661,Planta aquatica,Marilândia Do Sul,PR,,Deficiente de dados,#808080
662,Planta aquatica,Marilena,PR,,Deficiente de dados,#808080
663,Planta aquatica,Mariluz,PR,,Deficiente de dados,#808080
664,Planta aquatica,Mariópolis,PR,,Deficiente de dados,#808080
665,Planta aquatica,Maripá,PR,,Deficiente de dados,#808080
666,Planta aquatica,Marmeleiro,PR,,Deficiente de dados,#808080
667,Planta aquatica,Marquinho,PR,,Deficiente de dados,#808080
668,Planta aquatica,Marumbi,PR,,Deficiente de dados,#808080
669,Planta aquatica,Mato Rico,PR,,Deficiente de dados,#808080
670,Planta aquatica,Medianeira,PR,,Deficiente de dados,#808080
671,Planta aquatica,Mercedes,PR,,Deficiente de dados,#808080
672,Planta aquatica,Mirador,PR,,Deficiente de dados,#808080
673,Planta aquatica,Miraselva,PR,,Deficiente de dados,#808080
674,Planta aquatica,Missal,PR,,Deficiente de dados,#808080
675,Planta aquatica,Moreira Sales,PR,,Deficiente de dados,#808080
676,Planta aquatica,Munhoz De Melo,PR,,Deficiente de dados,#808080
677,Planta aquatica,Nova Aliança Do Ivaí,PR,,Deficiente de dados,#808080
678,Planta aquatica,Nova América Da Colina,PR,,Deficiente de dados,#808080
679,Planta aquatica,Nova Aurora,PR,,Deficiente de dados,#808080
680,Planta aquatica,Nova Cantu,PR,,Deficiente de dados,#808080
681,Planta aquatica,Nova Esperança,PR,,Deficiente de dados,#808080
682,Planta aquatica,Nova Esperança Do Sudoeste,PR,,Deficiente de dados,#808080
683,Planta aquatica,Nova Fátima,PR,,Deficiente de dados,#808080
684,Planta aquatica,Nova Santa Bárbara,PR,,Deficiente de dados,#808080
685,Planta aquatica,Nova Santa Rosa,PR,,Deficiente de dados,#808080
686,Planta aquatica,Nova Prata Do Iguaçu,PR,,Deficiente de dados,#808080
687,Planta aquatica,Novo Itacolomi,PR,,Deficiente de dados,#808080
688,Planta aquatica,Ourizona,PR,,Deficiente de dados,#808080
689,Planta aquatica,Ouro Verde Do Oeste,PR,,Deficiente de dados,#808080
690,Planta aquatica,Paiçandu,PR,,Deficiente de dados,#808080
691,Planta aquatica,Palmas,PR,,Deficiente de dados,#808080
692,Planta aquatica,Palotina,PR,,Deficiente de dados,#808080
693,Planta aquatica,Paraíso Do Norte,PR,,Deficiente de dados,#808080
694,Planta aquatica,Paranacity,PR,,Deficiente de dados,#808080
695,Planta aquatica,Paranapoema,PR,,Deficiente de dados,#808080
696,Planta aquatica,Pato Bragado,PR,,Deficiente de dados,#808080
697,Planta aquatica,Pato Branco,PR,,Deficiente de dados,#808080
698,Planta aquatica,Paula Freitas,PR,,Deficiente de dados,#808080
699,Planta aquatica,Paulo Frontin,PR,,Deficiente de dados,#808080
700,Planta aquatica,Peabiru,PR,,Deficiente de dados,#808080
701,Planta aquatica,Pérola,PR,,Deficiente de dados,#808080
702,Planta aquatica,Pérola D'oeste,PR,,Deficiente de dados,#808080
703,Planta aquatica,Piên,PR,,Deficiente de dados,#808080
704,Planta aquatica,Pinhalão,PR,,Deficiente de dados,#808080
705,Planta aquatica,Pinhal De São Bento,PR,,Deficiente de dados,#808080
706,Planta aquatica,Piraí Do Sul,PR,,Deficiente de dados,#808080
707,Planta aquatica,Pitanga,PR,,Deficiente de dados,#808080
708,Planta aquatica,Pitangueiras,PR,,Deficiente de dados,#808080
709,Planta aquatica,Planaltina Do Paraná,PR,,Deficiente de dados,#808080
710,Planta aquatica,Planalto,PR,,Deficiente de dados,#808080
711,Planta aquatica,Porecatu,PR,,Deficiente de dados,#808080
712,Planta aquatica,Porto Amazonas,PR,,Deficiente de dados,#808080
713,Planta aquatica,Porto Barreiro,PR,,Deficiente de dados,#808080
714,Planta aquatica,Porto Vitória,PR,,Deficiente de dados,#808080
715,Planta aquatica,Prado Ferreira,PR,,Deficiente de dados,#808080
716,Planta aquatica,Pranchita,PR,,Deficiente de dados,#808080
717,Planta aquatica,Presidente Castelo Branco,PR,,Deficiente de dados,#808080
718,Planta aquatica,Primeiro De Maio,PR,,Deficiente de dados,#808080
719,Planta aquatica,Prudentópolis,PR,,Deficiente de dados,#808080
720,Planta aquatica,Quarto Centenário,PR,,Deficiente de dados,#808080
721,Planta aquatica,Quatiguá,PR,,Deficiente de dados,#808080
722,Planta aquatica,Quatro Pontes,PR,,Deficiente de dados,#808080
723,Planta aquatica,Quinta Do Sol,PR,,Deficiente de dados,#808080
724,Planta aquatica,Quitandinha,PR,,Deficiente de dados,#808080
725,Planta aquatica,Ramilândia,PR,,Deficiente de dados,#808080
726,Planta aquatica,Rancho Alegre,PR,,Deficiente de dados,#808080
727,Planta aquatica,Rancho Alegre D'oeste,PR,,Deficiente de dados,#808080
728,Planta aquatica,Realeza,PR,,Deficiente de dados,#808080
729,Planta aquatica,Rebouças,PR,,Deficiente de dados,#808080
730,Planta aquatica,Renascença,PR,,Deficiente de dados,#808080
731,Planta aquatica,Reserva,PR,,Deficiente de dados,#808080
732,Planta aquatica,Ribeirão Do Pinhal,PR,,Deficiente de dados,#808080
733,Planta aquatica,Rio Azul,PR,,Deficiente de dados,#808080
734,Planta aquatica,Rio Bom,PR,,Deficiente de dados,#808080
735,Planta aquatica,Rio Bonito Do Iguaçu,PR,,Deficiente de dados,#808080
736,Planta aquatica,Rio Branco Do Ivaí,PR,,Deficiente de dados,#808080
737,Planta aquatica,Rio Negro,PR,,Deficiente de dados,#808080
738,Planta aquatica,Roncador,PR,,Deficiente de dados,#808080
739,Planta aquatica,Rondon,PR,,Deficiente de dados,#808080
740,Planta aquatica,Rosário Do Ivaí,PR,,Deficiente de dados,#808080
741,Planta aquatica,Sabáudia,PR,,Deficiente de dados,#808080
742,Planta aquatica,Salto Do Itararé,PR,,Deficiente de dados,#808080
743,Planta aquatica,Santa Amélia,PR,,Deficiente de dados,#808080
744,Planta aquatica,Santa Cecília Do Pavão,PR,,Deficiente de dados,#808080
745,Planta aquatica,Santa Fé,PR,,Deficiente de dados,#808080
746,Planta aquatica,Santa Inês,PR,,Deficiente de dados,#808080
747,Planta aquatica,Santa Izabel Do Oeste,PR,,Deficiente de dados,#808080
748,Planta aquatica,Santa Lúcia,PR,,Deficiente de dados,#808080
749,Planta aquatica,Santa Mariana,PR,,Deficiente de dados,#808080
750,Planta aquatica,Santa Mônica,PR,,Deficiente de dados,#808080
751,Planta aquatica,Santana Do Itararé,PR,,Deficiente de dados,#808080
752,Planta aquatica,Santa Tereza Do Oeste,PR,,Deficiente de dados,#808080
753,Planta aquatica,Santo Antônio Da Platina,PR,,Deficiente de dados,#808080
754,Planta aquatica,Santo Antônio Do Caiuá,PR,,Deficiente de dados,#808080
755,Planta aquatica,Santo Antônio Do Paraíso,PR,,Deficiente de dados,#808080
756,Planta aquatica,Santo Antônio Do Sudoeste,PR,,Deficiente de dados,#808080
757,Planta aquatica,Santo Inácio,PR,,Deficiente de dados,#808080
758,Planta aquatica,São Carlos Do Ivaí,PR,,Deficiente de dados,#808080
759,Planta aquatica,São Jerônimo Da Serra,PR,,Deficiente de dados,#808080
760,Planta aquatica,São João,PR,,Deficiente de dados,#808080
761,Planta aquatica,São João Do Caiuá,PR,,Deficiente de dados,#808080
762,Planta aquatica,São João Do Ivaí,PR,,Deficiente de dados,#808080
763,Planta aquatica,São Jorge D'oeste,PR,,Deficiente de dados,#808080
764,Planta aquatica,São Jorge Do Ivaí,PR,,Deficiente de dados,#808080
765,Planta aquatica,São José Das Palmeiras,PR,,Deficiente de dados,#808080
766,Planta aquatica,São Manoel Do Paraná,PR,,Deficiente de dados,#808080
767,Planta aquatica,São Pedro Do Iguaçu,PR,,Deficiente de dados,#808080
768,Planta aquatica,São Pedro Do Ivaí,PR,,Deficiente de dados,#808080
769,Planta aquatica,São Sebastião Da Amoreira,PR,,Deficiente de dados,#808080
770,Planta aquatica,São Tomé,PR,,Deficiente de dados,#808080
771,Planta aquatica,Sarandi,PR,,Deficiente de dados,#808080
772,Planta aquatica,Saudade Do Iguaçu,PR,,Deficiente de dados,#808080
773,Planta aquatica,Sengés,PR,,Deficiente de dados,#808080
774,Planta aquatica,Sertaneja,PR,,Deficiente de dados,#808080
775,Planta aquatica,Sertanópolis,PR,,Deficiente de dados,#808080
776,Planta aquatica,Sulina,PR,,Deficiente de dados,#808080
777,Planta aquatica,Tamboara,PR,,Deficiente de dados,#808080
778,Planta aquatica,Tapejara,PR,,Deficiente de dados,#808080
779,Planta aquatica,Telêmaco Borba,PR,,Deficiente de dados,#808080
780,Planta aquatica,Terra Boa,PR,,Deficiente de dados,#808080
781,Planta aquatica,Terra Rica,PR,,Deficiente de dados,#808080
782,Planta aquatica,Terra Roxa,PR,,Deficiente de dados,#808080
783,Planta aquatica,Toledo,PR,,Deficiente de dados,#808080
784,Planta aquatica,Tomazina,PR,,Deficiente de dados,#808080
785,Planta aquatica,Tupãssi,PR,,Deficiente de dados,#808080
786,Planta aquatica,Ubiratã,PR,,Deficiente de dados,#808080
787,Planta aquatica,Umuarama,PR,,Deficiente de dados,#808080
788,Planta aquatica,Uniflor,PR,,Deficiente de dados,#808080
789,Planta aquatica,Uraí,PR,,Deficiente de dados,#808080
790,Planta aquatica,Wenceslau Braz,PR,,Deficiente de dados,#808080
791,Planta aquatica,Ventania,PR,,Deficiente de dados,#808080
792,Planta aquatica,Vera Cruz Do Oeste,PR,,Deficiente de dados,#808080
793,Planta aquatica,Verê,PR,,Deficiente de dados,#808080
794,Planta aquatica,Alto Paraíso,PR,,Deficiente de dados,#808080
795,Planta aquatica,Doutor Ulysses,PR,,Deficiente de dados,#808080
796,Planta aquatica,Virmond,PR,,Deficiente de dados,#808080
797,Planta aquatica,Vitorino,PR,,Deficiente de dados,#808080
798,Planta aquatica,Xambrê,PR,,Deficiente de dados,#808080
799,Vertebrado aquatico,Alto Paraíso,PR,3,Médio,#ffc44d
800,Vertebrado aquatico,Altônia,PR,5,Muito Alto,#d11a2a
801,Vertebrado aquatico,Alvorada Do Sul,PR,2,Baixo,#f9f871
802,Vertebrado aquatico,Andirá,PR,5,Muito Alto,#d11a2a
803,Vertebrado aquatico,Antonina,PR,3,Médio,#ffc44d
804,Vertebrado aquatico,Apucarana,PR,2,Baixo,#f9f871
805,Vertebrado aquatico,Arapongas,PR,4,Alto,#ff7a43
806,Vertebrado aquatico,Arapoti,PR,2,Baixo,#f9f871
807,Vertebrado aquatico,Araucária,PR,4,Alto,#ff7a43
808,Vertebrado aquatico,Assaí,PR,4,Alto,#ff7a43
809,Vertebrado aquatico,Balsa Nova,PR,2,Baixo,#f9f871
810,Vertebrado aquatico,Bandeirantes,PR,4,Alto,#ff7a43
811,Vertebrado aquatico,Bituruna,PR,4,Alto,#ff7a43
812,Vertebrado aquatico,Boa Esperança,PR,2,Baixo,#f9f871
813,Vertebrado aquatico,Boa Vista Da Aparecida,PR,4,Alto,#ff7a43
814,Vertebrado aquatico,Bocaiúva Do Sul,PR,2,Baixo,#f9f871
815,Vertebrado aquatico,Braganey,PR,2,Baixo,#f9f871
816,Vertebrado aquatico,Brasilândia Do Sul,PR,2,Baixo,#f9f871
817,Vertebrado aquatico,Califórnia,PR,4,Alto,#ff7a43
818,Vertebrado aquatico,Cambará,PR,5,Muito Alto,#d11a2a
819,Vertebrado aquatico,Cambira,PR,3,Médio,#ffc44d
820,Vertebrado aquatico,Cambé,PR,4,Alto,#ff7a43
821,Vertebrado aquatico,Campina Grande Do Sul,PR,2,Baixo,#f9f871
822,Vertebrado aquatico,Campo Largo,PR,1,Muito Baixo,#00a6ca
823,Vertebrado aquatico,Campo Mourão,PR,2,Baixo,#f9f871
824,Vertebrado aquatico,Candói,PR,3,Médio,#ffc44d
825,Vertebrado aquatico,Capanema,PR,4,Alto,#ff7a43
826,Vertebrado aquatico,Capitão Leônidas Marques,PR,5,Muito Alto,#d11a2a
827,Vertebrado aquatico,Cascavel,PR,1,Muito Baixo,#00a6ca
828,Vertebrado aquatico,Castro,PR,1,Muito Baixo,#00a6ca
829,Vertebrado aquatico,Catanduvas,PR,1,Muito Baixo,#00a6ca
830,Vertebrado aquatico,Chopinzinho,PR,1,Muito Baixo,#00a6ca
831,Vertebrado aquatico,Cianorte,PR,1,Muito Baixo,#00a6ca
832,Vertebrado aquatico,Congonhinhas,PR,2,Baixo,#f9f871
833,Vertebrado aquatico,Contenda,PR,2,Baixo,#f9f871
834,Vertebrado aquatico,Cornélio Procópio,PR,3,Médio,#ffc44d
835,Vertebrado aquatico,Cruz Machado,PR,1,Muito Baixo,#00a6ca
836,Vertebrado aquatico,Cruzeiro Do Iguaçu,PR,4,Alto,#ff7a43
837,Vertebrado aquatico,Curitiba,PR,4,Alto,#ff7a43
838,Vertebrado aquatico,Curiúva,PR,2,Baixo,#f9f871
839,Vertebrado aquatico,Céu Azul,PR,1,Muito Baixo,#00a6ca
840,Vertebrado aquatico,Diamante D'oeste,PR,3,Médio,#ffc44d
841,Vertebrado aquatico,Diamante Do Norte,PR,5,Muito Alto,#d11a2a
842,Vertebrado aquatico,Dois Vizinhos,PR,1,Muito Baixo,#00a6ca
843,Vertebrado aquatico,Entre Rios Do Oeste,PR,5,Muito Alto,#d11a2a
844,Vertebrado aquatico,Fernandes Pinheiro,PR,3,Médio,#ffc44d
845,Vertebrado aquatico,Florestópolis,PR,2,Baixo,#f9f871
846,Vertebrado aquatico,Foz Do Iguaçu,PR,5,Muito Alto,#d11a2a
847,Vertebrado aquatico,Foz Do Jordão,PR,4,Alto,#ff7a43
848,Vertebrado aquatico,Guapirama,PR,5,Muito Alto,#d11a2a
849,Vertebrado aquatico,Guaraniaçu,PR,1,Muito Baixo,#00a6ca
850,Vertebrado aquatico,Guaraqueçaba,PR,2,Baixo,#f9f871
851,Vertebrado aquatico,Guaratuba,PR,1,Muito Baixo,#00a6ca
852,Vertebrado aquatico,Guaíra,PR,5,Muito Alto,#d11a2a
853,Vertebrado aquatico,Ibaiti,PR,3,Médio,#ffc44d
854,Vertebrado aquatico,Ibiporã,PR,5,Muito Alto,#d11a2a
855,Vertebrado aquatico,Icaraíma,PR,5,Muito Alto,#d11a2a
856,Vertebrado aquatico,Iretama,PR,2,Baixo,#f9f871
857,Vertebrado aquatico,Itaguajé,PR,5,Muito Alto,#d11a2a
858,Vertebrado aquatico,Itaipulândia,PR,4,Alto,#ff7a43
859,Vertebrado aquatico,Itambaracá,PR,5,Muito Alto,#d11a2a
860,Vertebrado aquatico,Itambé,PR,4,Alto,#ff7a43
861,Vertebrado aquatico,Ivaí,PR,1,Muito Baixo,#00a6ca
862,Vertebrado aquatico,Jacarezinho,PR,3,Médio,#ffc44d
863,Vertebrado aquatico,Jaguapitã,PR,4,Alto,#ff7a43
864,Vertebrado aquatico,Jaguariaíva,PR,1,Muito Baixo,#00a6ca
865,Vertebrado aquatico,Jandaia Do Sul,PR,2,Baixo,#f9f871
866,Vertebrado aquatico,Jataizinho,PR,5,Muito Alto,#d11a2a
867,Vertebrado aquatico,Kaloré,PR,2,Baixo,#f9f871
868,Vertebrado aquatico,Leópolis,PR,3,Médio,#ffc44d
869,Vertebrado aquatico,Londrina,PR,4,Alto,#ff7a43
870,Vertebrado aquatico,Luiziana,PR,1,Muito Baixo,#00a6ca
871,Vertebrado aquatico,Mandaguari,PR,2,Baixo,#f9f871
872,Vertebrado aquatico,Mangueirinha,PR,4,Alto,#ff7a43
873,Vertebrado aquatico,Marechal Cândido Rondon,PR,4,Alto,#ff7a43
874,Vertebrado aquatico,Marialva,PR,1,Muito Baixo,#00a6ca
875,Vertebrado aquatico,Marilena,PR,5,Muito Alto,#d11a2a
876,Vertebrado aquatico,Mariluz,PR,2,Baixo,#f9f871
877,Vertebrado aquatico,Maringá,PR,4,Alto,#ff7a43
878,Vertebrado aquatico,Matelândia,PR,3,Médio,#ffc44d
879,Vertebrado aquatico,Matinhos,PR,4,Alto,#ff7a43
880,Vertebrado aquatico,Mauá Da Serra,PR,4,Alto,#ff7a43
881,Vertebrado aquatico,Medianeira,PR,4,Alto,#ff7a43
882,Vertebrado aquatico,Mercedes,PR,5,Muito Alto,#d11a2a
883,Vertebrado aquatico,Missal,PR,3,Médio,#ffc44d
884,Vertebrado aquatico,Morretes,PR,3,Médio,#ffc44d
885,Vertebrado aquatico,Nova Aliança Do Ivaí,PR,3,Médio,#ffc44d
886,Vertebrado aquatico,Nova Fátima,PR,5,Muito Alto,#d11a2a
887,Vertebrado aquatico,Nova Prata Do Iguaçu,PR,5,Muito Alto,#d11a2a
888,Vertebrado aquatico,Ortigueira,PR,2,Baixo,#f9f871
889,Vertebrado aquatico,Palmas,PR,1,Muito Baixo,#00a6ca
890,Vertebrado aquatico,Palmeira,PR,1,Muito Baixo,#00a6ca
891,Vertebrado aquatico,Palotina,PR,1,Muito Baixo,#00a6ca
892,Vertebrado aquatico,Paranacity,PR,4,Alto,#ff7a43
893,Vertebrado aquatico,Paranaguá,PR,3,Médio,#ffc44d
894,Vertebrado aquatico,Paranapoema,PR,5,Muito Alto,#d11a2a
895,Vertebrado aquatico,Paranavaí,PR,1,Muito Baixo,#00a6ca
896,Vertebrado aquatico,Pato Bragado,PR,5,Muito Alto,#d11a2a
897,Vertebrado aquatico,Piraquara,PR,3,Médio,#ffc44d
898,Vertebrado aquatico,Piraí Do Sul,PR,1,Muito Baixo,#00a6ca
899,Vertebrado aquatico,Pitangueiras,PR,3,Médio,#ffc44d
900,Vertebrado aquatico,Ponta Grossa,PR,1,Muito Baixo,#00a6ca
901,Vertebrado aquatico,Porecatu,PR,4,Alto,#ff7a43
902,Vertebrado aquatico,Porto Barreiro,PR,1,Muito Baixo,#00a6ca
903,Vertebrado aquatico,Porto Rico,PR,5,Muito Alto,#d11a2a
904,Vertebrado aquatico,Prado Ferreira,PR,3,Médio,#ffc44d
905,Vertebrado aquatico,Primeiro De Maio,PR,3,Médio,#ffc44d
906,Vertebrado aquatico,Quedas Do Iguaçu,PR,4,Alto,#ff7a43
907,Vertebrado aquatico,Querência Do Norte,PR,1,Muito Baixo,#00a6ca
908,Vertebrado aquatico,Ramilândia,PR,2,Baixo,#f9f871
909,Vertebrado aquatico,Rancho Alegre,PR,5,Muito Alto,#d11a2a
910,Vertebrado aquatico,Rancho Alegre D'oeste,PR,2,Baixo,#f9f871
911,Vertebrado aquatico,Realeza,PR,5,Muito Alto,#d11a2a
912,Vertebrado aquatico,Ribeirão Claro,PR,4,Alto,#ff7a43
913,Vertebrado aquatico,Ribeirão Do Pinhal,PR,5,Muito Alto,#d11a2a
914,Vertebrado aquatico,Rio Bonito Do Iguaçu,PR,3,Médio,#ffc44d
915,Vertebrado aquatico,Rolândia,PR,4,Alto,#ff7a43
916,Vertebrado aquatico,Sabáudia,PR,3,Médio,#ffc44d
917,Vertebrado aquatico,Santa Cecília Do Pavão,PR,3,Médio,#ffc44d
918,Vertebrado aquatico,Santa Fé,PR,2,Baixo,#f9f871
919,Vertebrado aquatico,Santa Helena,PR,5,Muito Alto,#d11a2a
920,Vertebrado aquatico,Santa Isabel Do Ivaí,PR,3,Médio,#ffc44d
921,Vertebrado aquatico,Santa Mariana,PR,5,Muito Alto,#d11a2a
922,Vertebrado aquatico,Santa Tereza Do Oeste,PR,2,Baixo,#f9f871
923,Vertebrado aquatico,Santa Terezinha De Itaipu,PR,4,Alto,#ff7a43
924,Vertebrado aquatico,Santo Antônio Da Platina,PR,3,Médio,#ffc44d
925,Vertebrado aquatico,Sapopema,PR,3,Médio,#ffc44d
926,Vertebrado aquatico,Saudade Do Iguaçu,PR,5,Muito Alto,#d11a2a
927,Vertebrado aquatico,Sengés,PR,1,Muito Baixo,#00a6ca
928,Vertebrado aquatico,Serranópolis Do Iguaçu,PR,3,Médio,#ffc44d
929,Vertebrado aquatico,Sertaneja,PR,5,Muito Alto,#d11a2a
930,Vertebrado aquatico,Sertanópolis,PR,5,Muito Alto,#d11a2a
931,Vertebrado aquatico,São Jorge D'oeste,PR,2,Baixo,#f9f871
932,Vertebrado aquatico,São Jorge Do Patrocínio,PR,4,Alto,#ff7a43
933,Vertebrado aquatico,São José Das Palmeiras,PR,2,Baixo,#f9f871
934,Vertebrado aquatico,São José Dos Pinhais,PR,1,Muito Baixo,#00a6ca
935,Vertebrado aquatico,São João Do Triunfo,PR,1,Muito Baixo,#00a6ca
936,Vertebrado aquatico,São Mateus Do Sul,PR,1,Muito Baixo,#00a6ca
937,Vertebrado aquatico,São Miguel Do Iguaçu,PR,2,Baixo,#f9f871
938,Vertebrado aquatico,São Pedro Do Paraná,PR,4,Alto,#ff7a43
939,Vertebrado aquatico,São Sebastião Da Amoreira,PR,2,Baixo,#f9f871
940,Vertebrado aquatico,Tamarana,PR,3,Médio,#ffc44d
941,Vertebrado aquatico,Telêmaco Borba,PR,1,Muito Baixo,#00a6ca
942,Vertebrado aquatico,Terra Rica,PR,2,Baixo,#f9f871
943,Vertebrado aquatico,Terra Roxa,PR,5,Muito Alto,#d11a2a
944,Vertebrado aquatico,Toledo,PR,2,Baixo,#f9f871
945,Vertebrado aquatico,Tomazina,PR,3,Médio,#ffc44d
946,Vertebrado aquatico,Três Barras Do Paraná,PR,1,Muito Baixo,#00a6ca
947,Vertebrado aquatico,Tuneiras Do Oeste,PR,3,Médio,#ffc44d
948,Vertebrado aquatico,União Da Vitória,PR,1,Muito Baixo,#00a6ca
949,Vertebrado aquatico,Ventania,PR,1,Muito Baixo,#00a6ca
950,Vertebrado aquatico,Vera Cruz Do Oeste,PR,3,Médio,#ffc44d
951,Vertebrado aquatico,Abatiá,PR,,Deficiente de dados,#808080
952,Vertebrado aquatico,Adrianópolis,PR,,Deficiente de dados,#808080
953,Vertebrado aquatico,Agudos Do Sul,PR,,Deficiente de dados,#808080
954,Vertebrado aquatico,Almirante Tamandaré,PR,,Deficiente de dados,#808080
955,Vertebrado aquatico,Altamira Do Paraná,PR,,Deficiente de dados,#808080
956,Vertebrado aquatico,Alto Paraná,PR,,Deficiente de dados,#808080
957,Vertebrado aquatico,Alto Piquiri,PR,,Deficiente de dados,#808080
958,Vertebrado aquatico,Amaporã,PR,,Deficiente de dados,#808080
959,Vertebrado aquatico,Ampére,PR,,Deficiente de dados,#808080
960,Vertebrado aquatico,Anahy,PR,,Deficiente de dados,#808080
961,Vertebrado aquatico,Ângulo,PR,,Deficiente de dados,#808080
962,Vertebrado aquatico,Antônio Olinto,PR,,Deficiente de dados,#808080
963,Vertebrado aquatico,Arapuã,PR,,Deficiente de dados,#808080
964,Vertebrado aquatico,Araruna,PR,,Deficiente de dados,#808080
965,Vertebrado aquatico,Ariranha Do Ivaí,PR,,Deficiente de dados,#808080
966,Vertebrado aquatico,Assis Chateaubriand,PR,,Deficiente de dados,#808080
967,Vertebrado aquatico,Astorga,PR,,Deficiente de dados,#808080
968,Vertebrado aquatico,Atalaia,PR,,Deficiente de dados,#808080
969,Vertebrado aquatico,Barbosa Ferraz,PR,,Deficiente de dados,#808080
970,Vertebrado aquatico,Barracão,PR,,Deficiente de dados,#808080
971,Vertebrado aquatico,Barra Do Jacaré,PR,,Deficiente de dados,#808080
972,Vertebrado aquatico,Bela Vista Da Caroba,PR,,Deficiente de dados,#808080
973,Vertebrado aquatico,Bela Vista Do Paraíso,PR,,Deficiente de dados,#808080
974,Vertebrado aquatico,Boa Esperança Do Iguaçu,PR,,Deficiente de dados,#808080
975,Vertebrado aquatico,Boa Ventura De São Roque,PR,,Deficiente de dados,#808080
976,Vertebrado aquatico,Bom Jesus Do Sul,PR,,Deficiente de dados,#808080
977,Vertebrado aquatico,Bom Sucesso,PR,,Deficiente de dados,#808080
978,Vertebrado aquatico,Bom Sucesso Do Sul,PR,,Deficiente de dados,#808080
979,Vertebrado aquatico,Borrazópolis,PR,,Deficiente de dados,#808080
980,Vertebrado aquatico,Cafeara,PR,,Deficiente de dados,#808080
981,Vertebrado aquatico,Cafelândia,PR,,Deficiente de dados,#808080
982,Vertebrado aquatico,Cafezal Do Sul,PR,,Deficiente de dados,#808080
983,Vertebrado aquatico,Campina Da Lagoa,PR,,Deficiente de dados,#808080
984,Vertebrado aquatico,Campina Do Simão,PR,,Deficiente de dados,#808080
985,Vertebrado aquatico,Campo Bonito,PR,,Deficiente de dados,#808080
986,Vertebrado aquatico,Campo Do Tenente,PR,,Deficiente de dados,#808080
987,Vertebrado aquatico,Campo Magro,PR,,Deficiente de dados,#808080
988,Vertebrado aquatico,Cândido De Abreu,PR,,Deficiente de dados,#808080
989,Vertebrado aquatico,Cantagalo,PR,,Deficiente de dados,#808080
990,Vertebrado aquatico,Carambeí,PR,,Deficiente de dados,#808080
991,Vertebrado aquatico,Carlópolis,PR,,Deficiente de dados,#808080
992,Vertebrado aquatico,Centenário Do Sul,PR,,Deficiente de dados,#808080
993,Vertebrado aquatico,Cerro Azul,PR,,Deficiente de dados,#808080
994,Vertebrado aquatico,Cidade Gaúcha,PR,,Deficiente de dados,#808080
995,Vertebrado aquatico,Clevelândia,PR,,Deficiente de dados,#808080
996,Vertebrado aquatico,Colombo,PR,,Deficiente de dados,#808080
997,Vertebrado aquatico,Colorado,PR,,Deficiente de dados,#808080
998,Vertebrado aquatico,Conselheiro Mairinck,PR,,Deficiente de dados,#808080
999,Vertebrado aquatico,Corbélia,PR,,Deficiente de dados,#808080
1000,Vertebrado aquatico,Coronel Domingos Soares,PR,,Deficiente de dados,#808080
1001,Vertebrado aquatico,Coronel Vivida,PR,,Deficiente de dados,#808080
1002,Vertebrado aquatico,Corumbataí Do Sul,PR,,Deficiente de dados,#808080
1003,Vertebrado aquatico,Cruzeiro Do Oeste,PR,,Deficiente de dados,#808080
1004,Vertebrado aquatico,Cruzeiro Do Sul,PR,,Deficiente de dados,#808080
1005,Vertebrado aquatico,Cruzmaltina,PR,,Deficiente de dados,#808080
1006,Vertebrado aquatico,Diamante Do Sul,PR,,Deficiente de dados,#808080
1007,Vertebrado aquatico,Douradina,PR,,Deficiente de dados,#808080
1008,Vertebrado aquatico,Doutor Camargo,PR,,Deficiente de dados,#808080
1009,Vertebrado aquatico,Enéas Marques,PR,,Deficiente de dados,#808080
1010,Vertebrado aquatico,Engenheiro Beltrão,PR,,Deficiente de dados,#808080
1011,Vertebrado aquatico,Esperança Nova,PR,,Deficiente de dados,#808080
1012,Vertebrado aquatico,Espigão Alto Do Iguaçu,PR,,Deficiente de dados,#808080
1013,Vertebrado aquatico,Farol,PR,,Deficiente de dados,#808080
1014,Vertebrado aquatico,Faxinal,PR,,Deficiente de dados,#808080
1015,Vertebrado aquatico,Fazenda Rio Grande,PR,,Deficiente de dados,#808080
1016,Vertebrado aquatico,Fênix,PR,,Deficiente de dados,#808080
1017,Vertebrado aquatico,Figueira,PR,,Deficiente de dados,#808080
1018,Vertebrado aquatico,Floraí,PR,,Deficiente de dados,#808080
1019,Vertebrado aquatico,Flor Da Serra Do Sul,PR,,Deficiente de dados,#808080
1020,Vertebrado aquatico,Floresta,PR,,Deficiente de dados,#808080
1021,Vertebrado aquatico,Flórida,PR,,Deficiente de dados,#808080
1022,Vertebrado aquatico,Formosa Do Oeste,PR,,Deficiente de dados,#808080
1023,Vertebrado aquatico,Francisco Alves,PR,,Deficiente de dados,#808080
1024,Vertebrado aquatico,Francisco Beltrão,PR,,Deficiente de dados,#808080
1025,Vertebrado aquatico,General Carneiro,PR,,Deficiente de dados,#808080
1026,Vertebrado aquatico,Godoy Moreira,PR,,Deficiente de dados,#808080
1027,Vertebrado aquatico,Goioerê,PR,,Deficiente de dados,#808080
1028,Vertebrado aquatico,Goioxim,PR,,Deficiente de dados,#808080
1029,Vertebrado aquatico,Grandes Rios,PR,,Deficiente de dados,#808080
1030,Vertebrado aquatico,Guairaçá,PR,,Deficiente de dados,#808080
1031,Vertebrado aquatico,Guamiranga,PR,,Deficiente de dados,#808080
1032,Vertebrado aquatico,Guaporema,PR,,Deficiente de dados,#808080
1033,Vertebrado aquatico,Guaraci,PR,,Deficiente de dados,#808080
1034,Vertebrado aquatico,Guarapuava,PR,,Deficiente de dados,#808080
1035,Vertebrado aquatico,Honório Serpa,PR,,Deficiente de dados,#808080
1036,Vertebrado aquatico,Ibema,PR,,Deficiente de dados,#808080
1037,Vertebrado aquatico,Iguaraçu,PR,,Deficiente de dados,#808080
1038,Vertebrado aquatico,Iguatu,PR,,Deficiente de dados,#808080
1039,Vertebrado aquatico,Imbaú,PR,,Deficiente de dados,#808080
1040,Vertebrado aquatico,Imbituva,PR,,Deficiente de dados,#808080
1041,Vertebrado aquatico,Inácio Martins,PR,,Deficiente de dados,#808080
1042,Vertebrado aquatico,Inajá,PR,,Deficiente de dados,#808080
1043,Vertebrado aquatico,Indianópolis,PR,,Deficiente de dados,#808080
1044,Vertebrado aquatico,Ipiranga,PR,,Deficiente de dados,#808080
1045,Vertebrado aquatico,Iporã,PR,,Deficiente de dados,#808080
1046,Vertebrado aquatico,Iracema Do Oeste,PR,,Deficiente de dados,#808080
1047,Vertebrado aquatico,Irati,PR,,Deficiente de dados,#808080
1048,Vertebrado aquatico,Itapejara D'oeste,PR,,Deficiente de dados,#808080
1049,Vertebrado aquatico,Itaperuçu,PR,,Deficiente de dados,#808080
1050,Vertebrado aquatico,Itaúna Do Sul,PR,,Deficiente de dados,#808080
1051,Vertebrado aquatico,Ivaiporã,PR,,Deficiente de dados,#808080
1052,Vertebrado aquatico,Ivaté,PR,,Deficiente de dados,#808080
1053,Vertebrado aquatico,Ivatuba,PR,,Deficiente de dados,#808080
1054,Vertebrado aquatico,Jaboti,PR,,Deficiente de dados,#808080
1055,Vertebrado aquatico,Janiópolis,PR,,Deficiente de dados,#808080
1056,Vertebrado aquatico,Japira,PR,,Deficiente de dados,#808080
1057,Vertebrado aquatico,Japurá,PR,,Deficiente de dados,#808080
1058,Vertebrado aquatico,Jardim Alegre,PR,,Deficiente de dados,#808080
1059,Vertebrado aquatico,Jardim Olinda,PR,,Deficiente de dados,#808080
1060,Vertebrado aquatico,Jesuítas,PR,,Deficiente de dados,#808080
1061,Vertebrado aquatico,Joaquim Távora,PR,,Deficiente de dados,#808080
1062,Vertebrado aquatico,Jundiaí Do Sul,PR,,Deficiente de dados,#808080
1063,Vertebrado aquatico,Juranda,PR,,Deficiente de dados,#808080
1064,Vertebrado aquatico,Jussara,PR,,Deficiente de dados,#808080
1065,Vertebrado aquatico,Lapa,PR,,Deficiente de dados,#808080
1066,Vertebrado aquatico,Laranjal,PR,,Deficiente de dados,#808080
1067,Vertebrado aquatico,Laranjeiras Do Sul,PR,,Deficiente de dados,#808080
1068,Vertebrado aquatico,Lidianópolis,PR,,Deficiente de dados,#808080
1069,Vertebrado aquatico,Lindoeste,PR,,Deficiente de dados,#808080
1070,Vertebrado aquatico,Loanda,PR,,Deficiente de dados,#808080
1071,Vertebrado aquatico,Lobato,PR,,Deficiente de dados,#808080
1072,Vertebrado aquatico,Lunardelli,PR,,Deficiente de dados,#808080
1073,Vertebrado aquatico,Lupionópolis,PR,,Deficiente de dados,#808080
1074,Vertebrado aquatico,Mallet,PR,,Deficiente de dados,#808080
1075,Vertebrado aquatico,Mamborê,PR,,Deficiente de dados,#808080
1076,Vertebrado aquatico,Mandaguaçu,PR,,Deficiente de dados,#808080
1077,Vertebrado aquatico,Mandirituba,PR,,Deficiente de dados,#808080
1078,Vertebrado aquatico,Manfrinópolis,PR,,Deficiente de dados,#808080
1079,Vertebrado aquatico,Manoel Ribas,PR,,Deficiente de dados,#808080
1080,Vertebrado aquatico,Maria Helena,PR,,Deficiente de dados,#808080
1081,Vertebrado aquatico,Marilândia Do Sul,PR,,Deficiente de dados,#808080
1082,Vertebrado aquatico,Mariópolis,PR,,Deficiente de dados,#808080
1083,Vertebrado aquatico,Maripá,PR,,Deficiente de dados,#808080
1084,Vertebrado aquatico,Marmeleiro,PR,,Deficiente de dados,#808080
1085,Vertebrado aquatico,Marquinho,PR,,Deficiente de dados,#808080
1086,Vertebrado aquatico,Marumbi,PR,,Deficiente de dados,#808080
1087,Vertebrado aquatico,Mato Rico,PR,,Deficiente de dados,#808080
1088,Vertebrado aquatico,Mirador,PR,,Deficiente de dados,#808080
1089,Vertebrado aquatico,Miraselva,PR,,Deficiente de dados,#808080
1090,Vertebrado aquatico,Moreira Sales,PR,,Deficiente de dados,#808080
1091,Vertebrado aquatico,Munhoz De Melo,PR,,Deficiente de dados,#808080
1092,Vertebrado aquatico,Nossa Senhora Das Graças,PR,,Deficiente de dados,#808080
1093,Vertebrado aquatico,Nova América Da Colina,PR,,Deficiente de dados,#808080
1094,Vertebrado aquatico,Nova Aurora,PR,,Deficiente de dados,#808080
1095,Vertebrado aquatico,Nova Cantu,PR,,Deficiente de dados,#808080
1096,Vertebrado aquatico,Nova Esperança,PR,,Deficiente de dados,#808080
1097,Vertebrado aquatico,Nova Esperança Do Sudoeste,PR,,Deficiente de dados,#808080
1098,Vertebrado aquatico,Nova Laranjeiras,PR,,Deficiente de dados,#808080
1099,Vertebrado aquatico,Nova Londrina,PR,,Deficiente de dados,#808080
1100,Vertebrado aquatico,Nova Olímpia,PR,,Deficiente de dados,#808080
1101,Vertebrado aquatico,Nova Santa Bárbara,PR,,Deficiente de dados,#808080
1102,Vertebrado aquatico,Nova Santa Rosa,PR,,Deficiente de dados,#808080
1103,Vertebrado aquatico,Nova Tebas,PR,,Deficiente de dados,#808080
1104,Vertebrado aquatico,Novo Itacolomi,PR,,Deficiente de dados,#808080
1105,Vertebrado aquatico,Ourizona,PR,,Deficiente de dados,#808080
1106,Vertebrado aquatico,Ouro Verde Do Oeste,PR,,Deficiente de dados,#808080
1107,Vertebrado aquatico,Paiçandu,PR,,Deficiente de dados,#808080
1108,Vertebrado aquatico,Palmital,PR,,Deficiente de dados,#808080
1109,Vertebrado aquatico,Paraíso Do Norte,PR,,Deficiente de dados,#808080
1110,Vertebrado aquatico,Pato Branco,PR,,Deficiente de dados,#808080
1111,Vertebrado aquatico,Paula Freitas,PR,,Deficiente de dados,#808080
1112,Vertebrado aquatico,Paulo Frontin,PR,,Deficiente de dados,#808080
1113,Vertebrado aquatico,Peabiru,PR,,Deficiente de dados,#808080
1114,Vertebrado aquatico,Perobal,PR,,Deficiente de dados,#808080
1115,Vertebrado aquatico,Pérola,PR,,Deficiente de dados,#808080
1116,Vertebrado aquatico,Pérola D'oeste,PR,,Deficiente de dados,#808080
1117,Vertebrado aquatico,Piên,PR,,Deficiente de dados,#808080
1118,Vertebrado aquatico,Pinhais,PR,,Deficiente de dados,#808080
1119,Vertebrado aquatico,Pinhalão,PR,,Deficiente de dados,#808080
1120,Vertebrado aquatico,Pinhal De São Bento,PR,,Deficiente de dados,#808080
1121,Vertebrado aquatico,Pinhão,PR,,Deficiente de dados,#808080
1122,Vertebrado aquatico,Pitanga,PR,,Deficiente de dados,#808080
1123,Vertebrado aquatico,Planaltina Do Paraná,PR,,Deficiente de dados,#808080
1124,Vertebrado aquatico,Planalto,PR,,Deficiente de dados,#808080
1125,Vertebrado aquatico,Pontal Do Paraná,PR,,Deficiente de dados,#808080
1126,Vertebrado aquatico,Porto Amazonas,PR,,Deficiente de dados,#808080
1127,Vertebrado aquatico,Porto Vitória,PR,,Deficiente de dados,#808080
1128,Vertebrado aquatico,Pranchita,PR,,Deficiente de dados,#808080
1129,Vertebrado aquatico,Presidente Castelo Branco,PR,,Deficiente de dados,#808080
1130,Vertebrado aquatico,Prudentópolis,PR,,Deficiente de dados,#808080
1131,Vertebrado aquatico,Quarto Centenário,PR,,Deficiente de dados,#808080
1132,Vertebrado aquatico,Quatiguá,PR,,Deficiente de dados,#808080
1133,Vertebrado aquatico,Quatro Barras,PR,,Deficiente de dados,#808080
1134,Vertebrado aquatico,Quatro Pontes,PR,,Deficiente de dados,#808080
1135,Vertebrado aquatico,Quinta Do Sol,PR,,Deficiente de dados,#808080
1136,Vertebrado aquatico,Quitandinha,PR,,Deficiente de dados,#808080
1137,Vertebrado aquatico,Rebouças,PR,,Deficiente de dados,#808080
1138,Vertebrado aquatico,Renascença,PR,,Deficiente de dados,#808080
1139,Vertebrado aquatico,Reserva,PR,,Deficiente de dados,#808080
1140,Vertebrado aquatico,Reserva Do Iguaçu,PR,,Deficiente de dados,#808080
1141,Vertebrado aquatico,Rio Azul,PR,,Deficiente de dados,#808080
1142,Vertebrado aquatico,Rio Bom,PR,,Deficiente de dados,#808080
1143,Vertebrado aquatico,Rio Branco Do Ivaí,PR,,Deficiente de dados,#808080
1144,Vertebrado aquatico,Rio Branco Do Sul,PR,,Deficiente de dados,#808080
1145,Vertebrado aquatico,Rio Negro,PR,,Deficiente de dados,#808080
1146,Vertebrado aquatico,Roncador,PR,,Deficiente de dados,#808080
1147,Vertebrado aquatico,Rondon,PR,,Deficiente de dados,#808080
1148,Vertebrado aquatico,Rosário Do Ivaí,PR,,Deficiente de dados,#808080
1149,Vertebrado aquatico,Salgado Filho,PR,,Deficiente de dados,#808080
1150,Vertebrado aquatico,Salto Do Itararé,PR,,Deficiente de dados,#808080
1151,Vertebrado aquatico,Salto Do Lontra,PR,,Deficiente de dados,#808080
1152,Vertebrado aquatico,Santa Amélia,PR,,Deficiente de dados,#808080
1153,Vertebrado aquatico,Santa Cruz De Monte Castelo,PR,,Deficiente de dados,#808080
1154,Vertebrado aquatico,Santa Inês,PR,,Deficiente de dados,#808080
1155,Vertebrado aquatico,Santa Izabel Do Oeste,PR,,Deficiente de dados,#808080
1156,Vertebrado aquatico,Santa Lúcia,PR,,Deficiente de dados,#808080
1157,Vertebrado aquatico,Santa Maria Do Oeste,PR,,Deficiente de dados,#808080
1158,Vertebrado aquatico,Santa Mônica,PR,,Deficiente de dados,#808080
1159,Vertebrado aquatico,Santana Do Itararé,PR,,Deficiente de dados,#808080
1160,Vertebrado aquatico,Santo Antônio Do Caiuá,PR,,Deficiente de dados,#808080
1161,Vertebrado aquatico,Santo Antônio Do Paraíso,PR,,Deficiente de dados,#808080
1162,Vertebrado aquatico,Santo Antônio Do Sudoeste,PR,,Deficiente de dados,#808080
1163,Vertebrado aquatico,Santo Inácio,PR,,Deficiente de dados,#808080
1164,Vertebrado aquatico,São Carlos Do Ivaí,PR,,Deficiente de dados,#808080
1165,Vertebrado aquatico,São Jerônimo Da Serra,PR,,Deficiente de dados,#808080
1166,Vertebrado aquatico,São João,PR,,Deficiente de dados,#808080
1167,Vertebrado aquatico,São João Do Caiuá,PR,,Deficiente de dados,#808080
1168,Vertebrado aquatico,São João Do Ivaí,PR,,Deficiente de dados,#808080
1169,Vertebrado aquatico,São Jorge Do Ivaí,PR,,Deficiente de dados,#808080
1170,Vertebrado aquatico,São José Da Boa Vista,PR,,Deficiente de dados,#808080
1171,Vertebrado aquatico,São Manoel Do Paraná,PR,,Deficiente de dados,#808080
1172,Vertebrado aquatico,São Pedro Do Iguaçu,PR,,Deficiente de dados,#808080
1173,Vertebrado aquatico,São Pedro Do Ivaí,PR,,Deficiente de dados,#808080
1174,Vertebrado aquatico,São Tomé,PR,,Deficiente de dados,#808080
1175,Vertebrado aquatico,Sarandi,PR,,Deficiente de dados,#808080
1176,Vertebrado aquatico,Siqueira Campos,PR,,Deficiente de dados,#808080
1177,Vertebrado aquatico,Sulina,PR,,Deficiente de dados,#808080
1178,Vertebrado aquatico,Tamboara,PR,,Deficiente de dados,#808080
1179,Vertebrado aquatico,Tapejara,PR,,Deficiente de dados,#808080
1180,Vertebrado aquatico,Tapira,PR,,Deficiente de dados,#808080
1181,Vertebrado aquatico,Teixeira Soares,PR,,Deficiente de dados,#808080
1182,Vertebrado aquatico,Terra Boa,PR,,Deficiente de dados,#808080
1183,Vertebrado aquatico,Tibagi,PR,,Deficiente de dados,#808080
1184,Vertebrado aquatico,Tijucas Do Sul,PR,,Deficiente de dados,#808080
1185,Vertebrado aquatico,Tunas Do Paraná,PR,,Deficiente de dados,#808080
1186,Vertebrado aquatico,Tupãssi,PR,,Deficiente de dados,#808080
1187,Vertebrado aquatico,Turvo,PR,,Deficiente de dados,#808080
1188,Vertebrado aquatico,Ubiratã,PR,,Deficiente de dados,#808080
1189,Vertebrado aquatico,Umuarama,PR,,Deficiente de dados,#808080
1190,Vertebrado aquatico,Uniflor,PR,,Deficiente de dados,#808080
1191,Vertebrado aquatico,Uraí,PR,,Deficiente de dados,#808080
1192,Vertebrado aquatico,Wenceslau Braz,PR,,Deficiente de dados,#808080
1193,Vertebrado aquatico,Verê,PR,,Deficiente de dados,#808080
1194,Vertebrado aquatico,Doutor Ulysses,PR,,Deficiente de dados,#808080
1195,Vertebrado aquatico,Virmond,PR,,Deficiente de dados,#808080
1196,Vertebrado aquatico,Vitorino,PR,,Deficiente de dados,#808080
1197,Vertebrado aquatico,Xambrê,PR,,Deficiente de dados,#808080
1198,Diatomacea,Antonina,PR,1,Muito Baixo,#00a6ca
1199,Diatomacea,Paranaguá,PR,2,Baixo,#f9f871
1200,Diatomacea,Abatiá,PR,,Deficiente de dados,#808080
1201,Diatomacea,Adrianópolis,PR,,Deficiente de dados,#808080
1202,Diatomacea,Agudos Do Sul,PR,,Deficiente de dados,#808080
1203,Diatomacea,Almirante Tamandaré,PR,,Deficiente de dados,#808080
1204,Diatomacea,Altamira Do Paraná,PR,,Deficiente de dados,#808080
1205,Diatomacea,Altônia,PR,,Deficiente de dados,#808080
1206,Diatomacea,Alto Paraná,PR,,Deficiente de dados,#808080
1207,Diatomacea,Alto Piquiri,PR,,Deficiente de dados,#808080
1208,Diatomacea,Alvorada Do Sul,PR,,Deficiente de dados,#808080
1209,Diatomacea,Amaporã,PR,,Deficiente de dados,#808080
1210,Diatomacea,Ampére,PR,,Deficiente de dados,#808080
1211,Diatomacea,Anahy,PR,,Deficiente de dados,#808080
1212,Diatomacea,Andirá,PR,,Deficiente de dados,#808080
1213,Diatomacea,Ângulo,PR,,Deficiente de dados,#808080
1214,Diatomacea,Antônio Olinto,PR,,Deficiente de dados,#808080
1215,Diatomacea,Apucarana,PR,,Deficiente de dados,#808080
1216,Diatomacea,Arapongas,PR,,Deficiente de dados,#808080
1217,Diatomacea,Arapoti,PR,,Deficiente de dados,#808080
1218,Diatomacea,Arapuã,PR,,Deficiente de dados,#808080
1219,Diatomacea,Araruna,PR,,Deficiente de dados,#808080
1220,Diatomacea,Araucária,PR,,Deficiente de dados,#808080
1221,Diatomacea,Ariranha Do Ivaí,PR,,Deficiente de dados,#808080
1222,Diatomacea,Assaí,PR,,Deficiente de dados,#808080
1223,Diatomacea,Assis Chateaubriand,PR,,Deficiente de dados,#808080
1224,Diatomacea,Astorga,PR,,Deficiente de dados,#808080
1225,Diatomacea,Atalaia,PR,,Deficiente de dados,#808080
1226,Diatomacea,Balsa Nova,PR,,Deficiente de dados,#808080
1227,Diatomacea,Bandeirantes,PR,,Deficiente de dados,#808080
1228,Diatomacea,Barbosa Ferraz,PR,,Deficiente de dados,#808080
1229,Diatomacea,Barracão,PR,,Deficiente de dados,#808080
1230,Diatomacea,Barra Do Jacaré,PR,,Deficiente de dados,#808080
1231,Diatomacea,Bela Vista Da Caroba,PR,,Deficiente de dados,#808080
1232,Diatomacea,Bela Vista Do Paraíso,PR,,Deficiente de dados,#808080
1233,Diatomacea,Bituruna,PR,,Deficiente de dados,#808080
1234,Diatomacea,Boa Esperança,PR,,Deficiente de dados,#808080
1235,Diatomacea,Boa Esperança Do Iguaçu,PR,,Deficiente de dados,#808080
1236,Diatomacea,Boa Ventura De São Roque,PR,,Deficiente de dados,#808080
1237,Diatomacea,Boa Vista Da Aparecida,PR,,Deficiente de dados,#808080
1238,Diatomacea,Bocaiúva Do Sul,PR,,Deficiente de dados,#808080
1239,Diatomacea,Bom Jesus Do Sul,PR,,Deficiente de dados,#808080
1240,Diatomacea,Bom Sucesso,PR,,Deficiente de dados,#808080
1241,Diatomacea,Bom Sucesso Do Sul,PR,,Deficiente de dados,#808080
1242,Diatomacea,Borrazópolis,PR,,Deficiente de dados,#808080
1243,Diatomacea,Braganey,PR,,Deficiente de dados,#808080
1244,Diatomacea,Brasilândia Do Sul,PR,,Deficiente de dados,#808080
1245,Diatomacea,Cafeara,PR,,Deficiente de dados,#808080
1246,Diatomacea,Cafelândia,PR,,Deficiente de dados,#808080
1247,Diatomacea,Cafezal Do Sul,PR,,Deficiente de dados,#808080
1248,Diatomacea,Califórnia,PR,,Deficiente de dados,#808080
1249,Diatomacea,Cambará,PR,,Deficiente de dados,#808080
1250,Diatomacea,Cambé,PR,,Deficiente de dados,#808080
1251,Diatomacea,Cambira,PR,,Deficiente de dados,#808080
1252,Diatomacea,Campina Da Lagoa,PR,,Deficiente de dados,#808080
1253,Diatomacea,Campina Do Simão,PR,,Deficiente de dados,#808080
1254,Diatomacea,Campina Grande Do Sul,PR,,Deficiente de dados,#808080
1255,Diatomacea,Campo Bonito,PR,,Deficiente de dados,#808080
1256,Diatomacea,Campo Do Tenente,PR,,Deficiente de dados,#808080
1257,Diatomacea,Campo Largo,PR,,Deficiente de dados,#808080
1258,Diatomacea,Campo Magro,PR,,Deficiente de dados,#808080
1259,Diatomacea,Campo Mourão,PR,,Deficiente de dados,#808080
1260,Diatomacea,Cândido De Abreu,PR,,Deficiente de dados,#808080
1261,Diatomacea,Candói,PR,,Deficiente de dados,#808080
1262,Diatomacea,Cantagalo,PR,,Deficiente de dados,#808080
1263,Diatomacea,Capanema,PR,,Deficiente de dados,#808080
1264,Diatomacea,Capitão Leônidas Marques,PR,,Deficiente de dados,#808080
1265,Diatomacea,Carambeí,PR,,Deficiente de dados,#808080
1266,Diatomacea,Carlópolis,PR,,Deficiente de dados,#808080
1267,Diatomacea,Cascavel,PR,,Deficiente de dados,#808080
1268,Diatomacea,Castro,PR,,Deficiente de dados,#808080
1269,Diatomacea,Catanduvas,PR,,Deficiente de dados,#808080
1270,Diatomacea,Centenário Do Sul,PR,,Deficiente de dados,#808080
1271,Diatomacea,Cerro Azul,PR,,Deficiente de dados,#808080
1272,Diatomacea,Céu Azul,PR,,Deficiente de dados,#808080
1273,Diatomacea,Chopinzinho,PR,,Deficiente de dados,#808080
1274,Diatomacea,Cianorte,PR,,Deficiente de dados,#808080
1275,Diatomacea,Cidade Gaúcha,PR,,Deficiente de dados,#808080
1276,Diatomacea,Clevelândia,PR,,Deficiente de dados,#808080
1277,Diatomacea,Colombo,PR,,Deficiente de dados,#808080
1278,Diatomacea,Colorado,PR,,Deficiente de dados,#808080
1279,Diatomacea,Congonhinhas,PR,,Deficiente de dados,#808080
1280,Diatomacea,Conselheiro Mairinck,PR,,Deficiente de dados,#808080
1281,Diatomacea,Contenda,PR,,Deficiente de dados,#808080
1282,Diatomacea,Corbélia,PR,,Deficiente de dados,#808080
1283,Diatomacea,Cornélio Procópio,PR,,Deficiente de dados,#808080
1284,Diatomacea,Coronel Domingos Soares,PR,,Deficiente de dados,#808080
1285,Diatomacea,Coronel Vivida,PR,,Deficiente de dados,#808080
1286,Diatomacea,Corumbataí Do Sul,PR,,Deficiente de dados,#808080
1287,Diatomacea,Cruzeiro Do Iguaçu,PR,,Deficiente de dados,#808080
1288,Diatomacea,Cruzeiro Do Oeste,PR,,Deficiente de dados,#808080
1289,Diatomacea,Cruzeiro Do Sul,PR,,Deficiente de dados,#808080
1290,Diatomacea,Cruz Machado,PR,,Deficiente de dados,#808080
1291,Diatomacea,Cruzmaltina,PR,,Deficiente de dados,#808080
1292,Diatomacea,Curitiba,PR,,Deficiente de dados,#808080
1293,Diatomacea,Curiúva,PR,,Deficiente de dados,#808080
1294,Diatomacea,Diamante Do Norte,PR,,Deficiente de dados,#808080
1295,Diatomacea,Diamante Do Sul,PR,,Deficiente de dados,#808080
1296,Diatomacea,Diamante D'oeste,PR,,Deficiente de dados,#808080
1297,Diatomacea,Dois Vizinhos,PR,,Deficiente de dados,#808080
1298,Diatomacea,Douradina,PR,,Deficiente de dados,#808080
1299,Diatomacea,Doutor Camargo,PR,,Deficiente de dados,#808080
1300,Diatomacea,Enéas Marques,PR,,Deficiente de dados,#808080
1301,Diatomacea,Engenheiro Beltrão,PR,,Deficiente de dados,#808080
1302,Diatomacea,Esperança Nova,PR,,Deficiente de dados,#808080
1303,Diatomacea,Entre Rios Do Oeste,PR,,Deficiente de dados,#808080
1304,Diatomacea,Espigão Alto Do Iguaçu,PR,,Deficiente de dados,#808080
1305,Diatomacea,Farol,PR,,Deficiente de dados,#808080
1306,Diatomacea,Faxinal,PR,,Deficiente de dados,#808080
1307,Diatomacea,Fazenda Rio Grande,PR,,Deficiente de dados,#808080
1308,Diatomacea,Fênix,PR,,Deficiente de dados,#808080
1309,Diatomacea,Fernandes Pinheiro,PR,,Deficiente de dados,#808080
1310,Diatomacea,Figueira,PR,,Deficiente de dados,#808080
1311,Diatomacea,Floraí,PR,,Deficiente de dados,#808080
1312,Diatomacea,Flor Da Serra Do Sul,PR,,Deficiente de dados,#808080
1313,Diatomacea,Floresta,PR,,Deficiente de dados,#808080
1314,Diatomacea,Florestópolis,PR,,Deficiente de dados,#808080
1315,Diatomacea,Flórida,PR,,Deficiente de dados,#808080
1316,Diatomacea,Formosa Do Oeste,PR,,Deficiente de dados,#808080
1317,Diatomacea,Foz Do Iguaçu,PR,,Deficiente de dados,#808080
1318,Diatomacea,Francisco Alves,PR,,Deficiente de dados,#808080
1319,Diatomacea,Francisco Beltrão,PR,,Deficiente de dados,#808080
1320,Diatomacea,Foz Do Jordão,PR,,Deficiente de dados,#808080
1321,Diatomacea,General Carneiro,PR,,Deficiente de dados,#808080
1322,Diatomacea,Godoy Moreira,PR,,Deficiente de dados,#808080
1323,Diatomacea,Goioerê,PR,,Deficiente de dados,#808080
1324,Diatomacea,Goioxim,PR,,Deficiente de dados,#808080
1325,Diatomacea,Grandes Rios,PR,,Deficiente de dados,#808080
1326,Diatomacea,Guaíra,PR,,Deficiente de dados,#808080
1327,Diatomacea,Guairaçá,PR,,Deficiente de dados,#808080
1328,Diatomacea,Guamiranga,PR,,Deficiente de dados,#808080
1329,Diatomacea,Guapirama,PR,,Deficiente de dados,#808080
1330,Diatomacea,Guaporema,PR,,Deficiente de dados,#808080
1331,Diatomacea,Guaraci,PR,,Deficiente de dados,#808080
1332,Diatomacea,Guaraniaçu,PR,,Deficiente de dados,#808080
1333,Diatomacea,Guarapuava,PR,,Deficiente de dados,#808080
1334,Diatomacea,Guaraqueçaba,PR,,Deficiente de dados,#808080
1335,Diatomacea,Guaratuba,PR,,Deficiente de dados,#808080
1336,Diatomacea,Honório Serpa,PR,,Deficiente de dados,#808080
1337,Diatomacea,Ibaiti,PR,,Deficiente de dados,#808080
1338,Diatomacea,Ibema,PR,,Deficiente de dados,#808080
1339,Diatomacea,Ibiporã,PR,,Deficiente de dados,#808080
1340,Diatomacea,Icaraíma,PR,,Deficiente de dados,#808080
1341,Diatomacea,Iguaraçu,PR,,Deficiente de dados,#808080
1342,Diatomacea,Iguatu,PR,,Deficiente de dados,#808080
1343,Diatomacea,Imbaú,PR,,Deficiente de dados,#808080
1344,Diatomacea,Imbituva,PR,,Deficiente de dados,#808080
1345,Diatomacea,Inácio Martins,PR,,Deficiente de dados,#808080
1346,Diatomacea,Inajá,PR,,Deficiente de dados,#808080
1347,Diatomacea,Indianópolis,PR,,Deficiente de dados,#808080
1348,Diatomacea,Ipiranga,PR,,Deficiente de dados,#808080
1349,Diatomacea,Iporã,PR,,Deficiente de dados,#808080
1350,Diatomacea,Iracema Do Oeste,PR,,Deficiente de dados,#808080
1351,Diatomacea,Irati,PR,,Deficiente de dados,#808080
1352,Diatomacea,Iretama,PR,,Deficiente de dados,#808080
1353,Diatomacea,Itaguajé,PR,,Deficiente de dados,#808080
1354,Diatomacea,Itaipulândia,PR,,Deficiente de dados,#808080
1355,Diatomacea,Itambaracá,PR,,Deficiente de dados,#808080
1356,Diatomacea,Itambé,PR,,Deficiente de dados,#808080
1357,Diatomacea,Itapejara D'oeste,PR,,Deficiente de dados,#808080
1358,Diatomacea,Itaperuçu,PR,,Deficiente de dados,#808080
1359,Diatomacea,Itaúna Do Sul,PR,,Deficiente de dados,#808080
1360,Diatomacea,Ivaí,PR,,Deficiente de dados,#808080
1361,Diatomacea,Ivaiporã,PR,,Deficiente de dados,#808080
1362,Diatomacea,Ivaté,PR,,Deficiente de dados,#808080
1363,Diatomacea,Ivatuba,PR,,Deficiente de dados,#808080
1364,Diatomacea,Jaboti,PR,,Deficiente de dados,#808080
1365,Diatomacea,Jacarezinho,PR,,Deficiente de dados,#808080
1366,Diatomacea,Jaguapitã,PR,,Deficiente de dados,#808080
1367,Diatomacea,Jaguariaíva,PR,,Deficiente de dados,#808080
1368,Diatomacea,Jandaia Do Sul,PR,,Deficiente de dados,#808080
1369,Diatomacea,Janiópolis,PR,,Deficiente de dados,#808080
1370,Diatomacea,Japira,PR,,Deficiente de dados,#808080
1371,Diatomacea,Japurá,PR,,Deficiente de dados,#808080
1372,Diatomacea,Jardim Alegre,PR,,Deficiente de dados,#808080
1373,Diatomacea,Jardim Olinda,PR,,Deficiente de dados,#808080
1374,Diatomacea,Jataizinho,PR,,Deficiente de dados,#808080
1375,Diatomacea,Jesuítas,PR,,Deficiente de dados,#808080
1376,Diatomacea,Joaquim Távora,PR,,Deficiente de dados,#808080
1377,Diatomacea,Jundiaí Do Sul,PR,,Deficiente de dados,#808080
1378,Diatomacea,Juranda,PR,,Deficiente de dados,#808080
1379,Diatomacea,Jussara,PR,,Deficiente de dados,#808080
1380,Diatomacea,Kaloré,PR,,Deficiente de dados,#808080
1381,Diatomacea,Lapa,PR,,Deficiente de dados,#808080
1382,Diatomacea,Laranjal,PR,,Deficiente de dados,#808080
1383,Diatomacea,Laranjeiras Do Sul,PR,,Deficiente de dados,#808080
1384,Diatomacea,Leópolis,PR,,Deficiente de dados,#808080
1385,Diatomacea,Lidianópolis,PR,,Deficiente de dados,#808080
1386,Diatomacea,Lindoeste,PR,,Deficiente de dados,#808080
1387,Diatomacea,Loanda,PR,,Deficiente de dados,#808080
1388,Diatomacea,Lobato,PR,,Deficiente de dados,#808080
1389,Diatomacea,Londrina,PR,,Deficiente de dados,#808080
1390,Diatomacea,Luiziana,PR,,Deficiente de dados,#808080
1391,Diatomacea,Lunardelli,PR,,Deficiente de dados,#808080
1392,Diatomacea,Lupionópolis,PR,,Deficiente de dados,#808080
1393,Diatomacea,Mallet,PR,,Deficiente de dados,#808080
1394,Diatomacea,Mamborê,PR,,Deficiente de dados,#808080
1395,Diatomacea,Mandaguaçu,PR,,Deficiente de dados,#808080
1396,Diatomacea,Mandaguari,PR,,Deficiente de dados,#808080
1397,Diatomacea,Mandirituba,PR,,Deficiente de dados,#808080
1398,Diatomacea,Manfrinópolis,PR,,Deficiente de dados,#808080
1399,Diatomacea,Mangueirinha,PR,,Deficiente de dados,#808080
1400,Diatomacea,Manoel Ribas,PR,,Deficiente de dados,#808080
1401,Diatomacea,Marechal Cândido Rondon,PR,,Deficiente de dados,#808080
1402,Diatomacea,Maria Helena,PR,,Deficiente de dados,#808080
1403,Diatomacea,Marialva,PR,,Deficiente de dados,#808080
1404,Diatomacea,Marilândia Do Sul,PR,,Deficiente de dados,#808080
1405,Diatomacea,Marilena,PR,,Deficiente de dados,#808080
1406,Diatomacea,Mariluz,PR,,Deficiente de dados,#808080
1407,Diatomacea,Maringá,PR,,Deficiente de dados,#808080
1408,Diatomacea,Mariópolis,PR,,Deficiente de dados,#808080
1409,Diatomacea,Maripá,PR,,Deficiente de dados,#808080
1410,Diatomacea,Marmeleiro,PR,,Deficiente de dados,#808080
1411,Diatomacea,Marquinho,PR,,Deficiente de dados,#808080
1412,Diatomacea,Marumbi,PR,,Deficiente de dados,#808080
1413,Diatomacea,Matelândia,PR,,Deficiente de dados,#808080
1414,Diatomacea,Matinhos,PR,,Deficiente de dados,#808080
1415,Diatomacea,Mato Rico,PR,,Deficiente de dados,#808080
1416,Diatomacea,Mauá Da Serra,PR,,Deficiente de dados,#808080
1417,Diatomacea,Medianeira,PR,,Deficiente de dados,#808080
1418,Diatomacea,Mercedes,PR,,Deficiente de dados,#808080
1419,Diatomacea,Mirador,PR,,Deficiente de dados,#808080
1420,Diatomacea,Miraselva,PR,,Deficiente de dados,#808080
1421,Diatomacea,Missal,PR,,Deficiente de dados,#808080
1422,Diatomacea,Moreira Sales,PR,,Deficiente de dados,#808080
1423,Diatomacea,Morretes,PR,,Deficiente de dados,#808080
1424,Diatomacea,Munhoz De Melo,PR,,Deficiente de dados,#808080
1425,Diatomacea,Nossa Senhora Das Graças,PR,,Deficiente de dados,#808080
1426,Diatomacea,Nova Aliança Do Ivaí,PR,,Deficiente de dados,#808080
1427,Diatomacea,Nova América Da Colina,PR,,Deficiente de dados,#808080
1428,Diatomacea,Nova Aurora,PR,,Deficiente de dados,#808080
1429,Diatomacea,Nova Cantu,PR,,Deficiente de dados,#808080
1430,Diatomacea,Nova Esperança,PR,,Deficiente de dados,#808080
1431,Diatomacea,Nova Esperança Do Sudoeste,PR,,Deficiente de dados,#808080
1432,Diatomacea,Nova Fátima,PR,,Deficiente de dados,#808080
1433,Diatomacea,Nova Laranjeiras,PR,,Deficiente de dados,#808080
1434,Diatomacea,Nova Londrina,PR,,Deficiente de dados,#808080
1435,Diatomacea,Nova Olímpia,PR,,Deficiente de dados,#808080
1436,Diatomacea,Nova Santa Bárbara,PR,,Deficiente de dados,#808080
1437,Diatomacea,Nova Santa Rosa,PR,,Deficiente de dados,#808080
1438,Diatomacea,Nova Prata Do Iguaçu,PR,,Deficiente de dados,#808080
1439,Diatomacea,Nova Tebas,PR,,Deficiente de dados,#808080
1440,Diatomacea,Novo Itacolomi,PR,,Deficiente de dados,#808080
1441,Diatomacea,Ortigueira,PR,,Deficiente de dados,#808080
1442,Diatomacea,Ourizona,PR,,Deficiente de dados,#808080
1443,Diatomacea,Ouro Verde Do Oeste,PR,,Deficiente de dados,#808080
1444,Diatomacea,Paiçandu,PR,,Deficiente de dados,#808080
1445,Diatomacea,Palmas,PR,,Deficiente de dados,#808080
1446,Diatomacea,Palmeira,PR,,Deficiente de dados,#808080
1447,Diatomacea,Palmital,PR,,Deficiente de dados,#808080
1448,Diatomacea,Palotina,PR,,Deficiente de dados,#808080
1449,Diatomacea,Paraíso Do Norte,PR,,Deficiente de dados,#808080
1450,Diatomacea,Paranacity,PR,,Deficiente de dados,#808080
1451,Diatomacea,Paranapoema,PR,,Deficiente de dados,#808080
1452,Diatomacea,Paranavaí,PR,,Deficiente de dados,#808080
1453,Diatomacea,Pato Bragado,PR,,Deficiente de dados,#808080
1454,Diatomacea,Pato Branco,PR,,Deficiente de dados,#808080
1455,Diatomacea,Paula Freitas,PR,,Deficiente de dados,#808080
1456,Diatomacea,Paulo Frontin,PR,,Deficiente de dados,#808080
1457,Diatomacea,Peabiru,PR,,Deficiente de dados,#808080
1458,Diatomacea,Perobal,PR,,Deficiente de dados,#808080
1459,Diatomacea,Pérola,PR,,Deficiente de dados,#808080
1460,Diatomacea,Pérola D'oeste,PR,,Deficiente de dados,#808080
1461,Diatomacea,Piên,PR,,Deficiente de dados,#808080
1462,Diatomacea,Pinhais,PR,,Deficiente de dados,#808080
1463,Diatomacea,Pinhalão,PR,,Deficiente de dados,#808080
1464,Diatomacea,Pinhal De São Bento,PR,,Deficiente de dados,#808080
1465,Diatomacea,Pinhão,PR,,Deficiente de dados,#808080
1466,Diatomacea,Piraí Do Sul,PR,,Deficiente de dados,#808080
1467,Diatomacea,Piraquara,PR,,Deficiente de dados,#808080
1468,Diatomacea,Pitanga,PR,,Deficiente de dados,#808080
1469,Diatomacea,Pitangueiras,PR,,Deficiente de dados,#808080
1470,Diatomacea,Planaltina Do Paraná,PR,,Deficiente de dados,#808080
1471,Diatomacea,Planalto,PR,,Deficiente de dados,#808080
1472,Diatomacea,Ponta Grossa,PR,,Deficiente de dados,#808080
1473,Diatomacea,Pontal Do Paraná,PR,,Deficiente de dados,#808080
1474,Diatomacea,Porecatu,PR,,Deficiente de dados,#808080
1475,Diatomacea,Porto Amazonas,PR,,Deficiente de dados,#808080
1476,Diatomacea,Porto Barreiro,PR,,Deficiente de dados,#808080
1477,Diatomacea,Porto Rico,PR,,Deficiente de dados,#808080
1478,Diatomacea,Porto Vitória,PR,,Deficiente de dados,#808080
1479,Diatomacea,Prado Ferreira,PR,,Deficiente de dados,#808080
1480,Diatomacea,Pranchita,PR,,Deficiente de dados,#808080
1481,Diatomacea,Presidente Castelo Branco,PR,,Deficiente de dados,#808080
1482,Diatomacea,Primeiro De Maio,PR,,Deficiente de dados,#808080
1483,Diatomacea,Prudentópolis,PR,,Deficiente de dados,#808080
1484,Diatomacea,Quarto Centenário,PR,,Deficiente de dados,#808080
1485,Diatomacea,Quatiguá,PR,,Deficiente de dados,#808080
1486,Diatomacea,Quatro Barras,PR,,Deficiente de dados,#808080
1487,Diatomacea,Quatro Pontes,PR,,Deficiente de dados,#808080
1488,Diatomacea,Quedas Do Iguaçu,PR,,Deficiente de dados,#808080
1489,Diatomacea,Querência Do Norte,PR,,Deficiente de dados,#808080
1490,Diatomacea,Quinta Do Sol,PR,,Deficiente de dados,#808080
1491,Diatomacea,Quitandinha,PR,,Deficiente de dados,#808080
1492,Diatomacea,Ramilândia,PR,,Deficiente de dados,#808080
1493,Diatomacea,Rancho Alegre,PR,,Deficiente de dados,#808080
1494,Diatomacea,Rancho Alegre D'oeste,PR,,Deficiente de dados,#808080
1495,Diatomacea,Realeza,PR,,Deficiente de dados,#808080
1496,Diatomacea,Rebouças,PR,,Deficiente de dados,#808080
1497,Diatomacea,Renascença,PR,,Deficiente de dados,#808080
1498,Diatomacea,Reserva,PR,,Deficiente de dados,#808080
1499,Diatomacea,Reserva Do Iguaçu,PR,,Deficiente de dados,#808080
1500,Diatomacea,Ribeirão Claro,PR,,Deficiente de dados,#808080
1501,Diatomacea,Ribeirão Do Pinhal,PR,,Deficiente de dados,#808080
1502,Diatomacea,Rio Azul,PR,,Deficiente de dados,#808080
1503,Diatomacea,Rio Bom,PR,,Deficiente de dados,#808080
1504,Diatomacea,Rio Bonito Do Iguaçu,PR,,Deficiente de dados,#808080
1505,Diatomacea,Rio Branco Do Ivaí,PR,,Deficiente de dados,#808080
1506,Diatomacea,Rio Branco Do Sul,PR,,Deficiente de dados,#808080
1507,Diatomacea,Rio Negro,PR,,Deficiente de dados,#808080
1508,Diatomacea,Rolândia,PR,,Deficiente de dados,#808080
1509,Diatomacea,Roncador,PR,,Deficiente de dados,#808080
1510,Diatomacea,Rondon,PR,,Deficiente de dados,#808080
1511,Diatomacea,Rosário Do Ivaí,PR,,Deficiente de dados,#808080
1512,Diatomacea,Sabáudia,PR,,Deficiente de dados,#808080
1513,Diatomacea,Salgado Filho,PR,,Deficiente de dados,#808080
1514,Diatomacea,Salto Do Itararé,PR,,Deficiente de dados,#808080
1515,Diatomacea,Salto Do Lontra,PR,,Deficiente de dados,#808080
1516,Diatomacea,Santa Amélia,PR,,Deficiente de dados,#808080
1517,Diatomacea,Santa Cecília Do Pavão,PR,,Deficiente de dados,#808080
1518,Diatomacea,Santa Cruz De Monte Castelo,PR,,Deficiente de dados,#808080
1519,Diatomacea,Santa Fé,PR,,Deficiente de dados,#808080
1520,Diatomacea,Santa Helena,PR,,Deficiente de dados,#808080
1521,Diatomacea,Santa Inês,PR,,Deficiente de dados,#808080
1522,Diatomacea,Santa Isabel Do Ivaí,PR,,Deficiente de dados,#808080
1523,Diatomacea,Santa Izabel Do Oeste,PR,,Deficiente de dados,#808080
1524,Diatomacea,Santa Lúcia,PR,,Deficiente de dados,#808080
1525,Diatomacea,Santa Maria Do Oeste,PR,,Deficiente de dados,#808080
1526,Diatomacea,Santa Mariana,PR,,Deficiente de dados,#808080
1527,Diatomacea,Santa Mônica,PR,,Deficiente de dados,#808080
1528,Diatomacea,Santana Do Itararé,PR,,Deficiente de dados,#808080
1529,Diatomacea,Santa Tereza Do Oeste,PR,,Deficiente de dados,#808080
1530,Diatomacea,Santa Terezinha De Itaipu,PR,,Deficiente de dados,#808080
1531,Diatomacea,Santo Antônio Da Platina,PR,,Deficiente de dados,#808080
1532,Diatomacea,Santo Antônio Do Caiuá,PR,,Deficiente de dados,#808080
1533,Diatomacea,Santo Antônio Do Paraíso,PR,,Deficiente de dados,#808080
1534,Diatomacea,Santo Antônio Do Sudoeste,PR,,Deficiente de dados,#808080
1535,Diatomacea,Santo Inácio,PR,,Deficiente de dados,#808080
1536,Diatomacea,São Carlos Do Ivaí,PR,,Deficiente de dados,#808080
1537,Diatomacea,São Jerônimo Da Serra,PR,,Deficiente de dados,#808080
1538,Diatomacea,São João,PR,,Deficiente de dados,#808080
1539,Diatomacea,São João Do Caiuá,PR,,Deficiente de dados,#808080
1540,Diatomacea,São João Do Ivaí,PR,,Deficiente de dados,#808080
1541,Diatomacea,São João Do Triunfo,PR,,Deficiente de dados,#808080
1542,Diatomacea,São Jorge D'oeste,PR,,Deficiente de dados,#808080
1543,Diatomacea,São Jorge Do Ivaí,PR,,Deficiente de dados,#808080
1544,Diatomacea,São Jorge Do Patrocínio,PR,,Deficiente de dados,#808080
1545,Diatomacea,São José Da Boa Vista,PR,,Deficiente de dados,#808080
1546,Diatomacea,São José Das Palmeiras,PR,,Deficiente de dados,#808080
1547,Diatomacea,São José Dos Pinhais,PR,,Deficiente de dados,#808080
1548,Diatomacea,São Manoel Do Paraná,PR,,Deficiente de dados,#808080
1549,Diatomacea,São Mateus Do Sul,PR,,Deficiente de dados,#808080
1550,Diatomacea,São Miguel Do Iguaçu,PR,,Deficiente de dados,#808080
1551,Diatomacea,São Pedro Do Iguaçu,PR,,Deficiente de dados,#808080
1552,Diatomacea,São Pedro Do Ivaí,PR,,Deficiente de dados,#808080
1553,Diatomacea,São Pedro Do Paraná,PR,,Deficiente de dados,#808080
1554,Diatomacea,São Sebastião Da Amoreira,PR,,Deficiente de dados,#808080
1555,Diatomacea,São Tomé,PR,,Deficiente de dados,#808080
1556,Diatomacea,Sapopema,PR,,Deficiente de dados,#808080
1557,Diatomacea,Sarandi,PR,,Deficiente de dados,#808080
1558,Diatomacea,Saudade Do Iguaçu,PR,,Deficiente de dados,#808080
1559,Diatomacea,Sengés,PR,,Deficiente de dados,#808080
1560,Diatomacea,Serranópolis Do Iguaçu,PR,,Deficiente de dados,#808080
1561,Diatomacea,Sertaneja,PR,,Deficiente de dados,#808080
1562,Diatomacea,Sertanópolis,PR,,Deficiente de dados,#808080
1563,Diatomacea,Siqueira Campos,PR,,Deficiente de dados,#808080
1564,Diatomacea,Sulina,PR,,Deficiente de dados,#808080
1565,Diatomacea,Tamarana,PR,,Deficiente de dados,#808080
1566,Diatomacea,Tamboara,PR,,Deficiente de dados,#808080
1567,Diatomacea,Tapejara,PR,,Deficiente de dados,#808080
1568,Diatomacea,Tapira,PR,,Deficiente de dados,#808080
1569,Diatomacea,Teixeira Soares,PR,,Deficiente de dados,#808080
1570,Diatomacea,Telêmaco Borba,PR,,Deficiente de dados,#808080
1571,Diatomacea,Terra Boa,PR,,Deficiente de dados,#808080
1572,Diatomacea,Terra Rica,PR,,Deficiente de dados,#808080
1573,Diatomacea,Terra Roxa,PR,,Deficiente de dados,#808080
1574,Diatomacea,Tibagi,PR,,Deficiente de dados,#808080
1575,Diatomacea,Tijucas Do Sul,PR,,Deficiente de dados,#808080
1576,Diatomacea,Toledo,PR,,Deficiente de dados,#808080
1577,Diatomacea,Tomazina,PR,,Deficiente de dados,#808080
1578,Diatomacea,Três Barras Do Paraná,PR,,Deficiente de dados,#808080
1579,Diatomacea,Tunas Do Paraná,PR,,Deficiente de dados,#808080
1580,Diatomacea,Tuneiras Do Oeste,PR,,Deficiente de dados,#808080
1581,Diatomacea,Tupãssi,PR,,Deficiente de dados,#808080
1582,Diatomacea,Turvo,PR,,Deficiente de dados,#808080
1583,Diatomacea,Ubiratã,PR,,Deficiente de dados,#808080
1584,Diatomacea,Umuarama,PR,,Deficiente de dados,#808080
1585,Diatomacea,União Da Vitória,PR,,Deficiente de dados,#808080
1586,Diatomacea,Uniflor,PR,,Deficiente de dados,#808080
1587,Diatomacea,Uraí,PR,,Deficiente de dados,#808080
1588,Diatomacea,Wenceslau Braz,PR,,Deficiente de dados,#808080
1589,Diatomacea,Ventania,PR,,Deficiente de dados,#808080
1590,Diatomacea,Vera Cruz Do Oeste,PR,,Deficiente de dados,#808080
1591,Diatomacea,Verê,PR,,Deficiente de dados,#808080
1592,Diatomacea,Alto Paraíso,PR,,Deficiente de dados,#808080
1593,Diatomacea,Doutor Ulysses,PR,,Deficiente de dados,#808080
1594,Diatomacea,Virmond,PR,,Deficiente de dados,#808080
1595,Diatomacea,Vitorino,PR,,Deficiente de dados,#808080
1596,Diatomacea,Xambrê,PR,,Deficiente de dados,#808080
1597,Invertebrado marinho,Antonina,PR,4,Alto,#ff7a43
1598,Invertebrado marinho,Araucária,PR,3,Médio,#ffc44d
1599,Invertebrado marinho,Capitão Leônidas Marques,PR,2,Baixo,#f9f871
1600,Invertebrado marinho,Foz Do Iguaçu,PR,1,Muito Baixo,#00a6ca
1601,Invertebrado marinho,Guaraqueçaba,PR,1,Muito Baixo,#00a6ca
1602,Invertebrado marinho,Guaratuba,PR,3,Médio,#ffc44d
1603,Invertebrado marinho,Matinhos,PR,4,Alto,#ff7a43
1604,Invertebrado marinho,Nova Prata Do Iguaçu,PR,1,Muito Baixo,#00a6ca
1605,Invertebrado marinho,Paranaguá,PR,5,Muito Alto,#d11a2a
1606,Invertebrado marinho,Pontal Do Paraná,PR,5,Muito Alto,#d11a2a
1607,Invertebrado marinho,Santa Terezinha De Itaipu,PR,2,Baixo,#f9f871
1608,Invertebrado marinho,Abatiá,PR,,Deficiente de dados,#808080
1609,Invertebrado marinho,Adrianópolis,PR,,Deficiente de dados,#808080
1610,Invertebrado marinho,Agudos Do Sul,PR,,Deficiente de dados,#808080
1611,Invertebrado marinho,Almirante Tamandaré,PR,,Deficiente de dados,#808080
1612,Invertebrado marinho,Altamira Do Paraná,PR,,Deficiente de dados,#808080
1613,Invertebrado marinho,Altônia,PR,,Deficiente de dados,#808080
1614,Invertebrado marinho,Alto Paraná,PR,,Deficiente de dados,#808080
1615,Invertebrado marinho,Alto Piquiri,PR,,Deficiente de dados,#808080
1616,Invertebrado marinho,Alvorada Do Sul,PR,,Deficiente de dados,#808080
1617,Invertebrado marinho,Amaporã,PR,,Deficiente de dados,#808080
1618,Invertebrado marinho,Ampére,PR,,Deficiente de dados,#808080
1619,Invertebrado marinho,Anahy,PR,,Deficiente de dados,#808080
1620,Invertebrado marinho,Andirá,PR,,Deficiente de dados,#808080
1621,Invertebrado marinho,Ângulo,PR,,Deficiente de dados,#808080
1622,Invertebrado marinho,Antônio Olinto,PR,,Deficiente de dados,#808080
1623,Invertebrado marinho,Apucarana,PR,,Deficiente de dados,#808080
1624,Invertebrado marinho,Arapongas,PR,,Deficiente de dados,#808080
1625,Invertebrado marinho,Arapoti,PR,,Deficiente de dados,#808080
1626,Invertebrado marinho,Arapuã,PR,,Deficiente de dados,#808080
1627,Invertebrado marinho,Araruna,PR,,Deficiente de dados,#808080
1628,Invertebrado marinho,Ariranha Do Ivaí,PR,,Deficiente de dados,#808080
1629,Invertebrado marinho,Assaí,PR,,Deficiente de dados,#808080
1630,Invertebrado marinho,Assis Chateaubriand,PR,,Deficiente de dados,#808080
1631,Invertebrado marinho,Astorga,PR,,Deficiente de dados,#808080
1632,Invertebrado marinho,Atalaia,PR,,Deficiente de dados,#808080
1633,Invertebrado marinho,Balsa Nova,PR,,Deficiente de dados,#808080
1634,Invertebrado marinho,Bandeirantes,PR,,Deficiente de dados,#808080
1635,Invertebrado marinho,Barbosa Ferraz,PR,,Deficiente de dados,#808080
1636,Invertebrado marinho,Barracão,PR,,Deficiente de dados,#808080
1637,Invertebrado marinho,Barra Do Jacaré,PR,,Deficiente de dados,#808080
1638,Invertebrado marinho,Bela Vista Da Caroba,PR,,Deficiente de dados,#808080
1639,Invertebrado marinho,Bela Vista Do Paraíso,PR,,Deficiente de dados,#808080
1640,Invertebrado marinho,Bituruna,PR,,Deficiente de dados,#808080
1641,Invertebrado marinho,Boa Esperança,PR,,Deficiente de dados,#808080
1642,Invertebrado marinho,Boa Esperança Do Iguaçu,PR,,Deficiente de dados,#808080
1643,Invertebrado marinho,Boa Ventura De São Roque,PR,,Deficiente de dados,#808080
1644,Invertebrado marinho,Boa Vista Da Aparecida,PR,,Deficiente de dados,#808080
1645,Invertebrado marinho,Bocaiúva Do Sul,PR,,Deficiente de dados,#808080
1646,Invertebrado marinho,Bom Jesus Do Sul,PR,,Deficiente de dados,#808080
1647,Invertebrado marinho,Bom Sucesso,PR,,Deficiente de dados,#808080
1648,Invertebrado marinho,Bom Sucesso Do Sul,PR,,Deficiente de dados,#808080
1649,Invertebrado marinho,Borrazópolis,PR,,Deficiente de dados,#808080
1650,Invertebrado marinho,Braganey,PR,,Deficiente de dados,#808080
1651,Invertebrado marinho,Brasilândia Do Sul,PR,,Deficiente de dados,#808080
1652,Invertebrado marinho,Cafeara,PR,,Deficiente de dados,#808080
1653,Invertebrado marinho,Cafelândia,PR,,Deficiente de dados,#808080
1654,Invertebrado marinho,Cafezal Do Sul,PR,,Deficiente de dados,#808080
1655,Invertebrado marinho,Califórnia,PR,,Deficiente de dados,#808080
1656,Invertebrado marinho,Cambará,PR,,Deficiente de dados,#808080
1657,Invertebrado marinho,Cambé,PR,,Deficiente de dados,#808080
1658,Invertebrado marinho,Cambira,PR,,Deficiente de dados,#808080
1659,Invertebrado marinho,Campina Da Lagoa,PR,,Deficiente de dados,#808080
1660,Invertebrado marinho,Campina Do Simão,PR,,Deficiente de dados,#808080
1661,Invertebrado marinho,Campina Grande Do Sul,PR,,Deficiente de dados,#808080
1662,Invertebrado marinho,Campo Bonito,PR,,Deficiente de dados,#808080
1663,Invertebrado marinho,Campo Do Tenente,PR,,Deficiente de dados,#808080
1664,Invertebrado marinho,Campo Largo,PR,,Deficiente de dados,#808080
1665,Invertebrado marinho,Campo Magro,PR,,Deficiente de dados,#808080
1666,Invertebrado marinho,Campo Mourão,PR,,Deficiente de dados,#808080
1667,Invertebrado marinho,Cândido De Abreu,PR,,Deficiente de dados,#808080
1668,Invertebrado marinho,Candói,PR,,Deficiente de dados,#808080
1669,Invertebrado marinho,Cantagalo,PR,,Deficiente de dados,#808080
1670,Invertebrado marinho,Capanema,PR,,Deficiente de dados,#808080
1671,Invertebrado marinho,Carambeí,PR,,Deficiente de dados,#808080
1672,Invertebrado marinho,Carlópolis,PR,,Deficiente de dados,#808080
1673,Invertebrado marinho,Cascavel,PR,,Deficiente de dados,#808080
1674,Invertebrado marinho,Castro,PR,,Deficiente de dados,#808080
1675,Invertebrado marinho,Catanduvas,PR,,Deficiente de dados,#808080
1676,Invertebrado marinho,Centenário Do Sul,PR,,Deficiente de dados,#808080
1677,Invertebrado marinho,Cerro Azul,PR,,Deficiente de dados,#808080
1678,Invertebrado marinho,Céu Azul,PR,,Deficiente de dados,#808080
1679,Invertebrado marinho,Chopinzinho,PR,,Deficiente de dados,#808080
1680,Invertebrado marinho,Cianorte,PR,,Deficiente de dados,#808080
1681,Invertebrado marinho,Cidade Gaúcha,PR,,Deficiente de dados,#808080
1682,Invertebrado marinho,Clevelândia,PR,,Deficiente de dados,#808080
1683,Invertebrado marinho,Colombo,PR,,Deficiente de dados,#808080
1684,Invertebrado marinho,Colorado,PR,,Deficiente de dados,#808080
1685,Invertebrado marinho,Congonhinhas,PR,,Deficiente de dados,#808080
1686,Invertebrado marinho,Conselheiro Mairinck,PR,,Deficiente de dados,#808080
1687,Invertebrado marinho,Contenda,PR,,Deficiente de dados,#808080
1688,Invertebrado marinho,Corbélia,PR,,Deficiente de dados,#808080
1689,Invertebrado marinho,Cornélio Procópio,PR,,Deficiente de dados,#808080
1690,Invertebrado marinho,Coronel Domingos Soares,PR,,Deficiente de dados,#808080
1691,Invertebrado marinho,Coronel Vivida,PR,,Deficiente de dados,#808080
1692,Invertebrado marinho,Corumbataí Do Sul,PR,,Deficiente de dados,#808080
1693,Invertebrado marinho,Cruzeiro Do Iguaçu,PR,,Deficiente de dados,#808080
1694,Invertebrado marinho,Cruzeiro Do Oeste,PR,,Deficiente de dados,#808080
1695,Invertebrado marinho,Cruzeiro Do Sul,PR,,Deficiente de dados,#808080
1696,Invertebrado marinho,Cruz Machado,PR,,Deficiente de dados,#808080
1697,Invertebrado marinho,Cruzmaltina,PR,,Deficiente de dados,#808080
1698,Invertebrado marinho,Curitiba,PR,,Deficiente de dados,#808080
1699,Invertebrado marinho,Curiúva,PR,,Deficiente de dados,#808080
1700,Invertebrado marinho,Diamante Do Norte,PR,,Deficiente de dados,#808080
1701,Invertebrado marinho,Diamante Do Sul,PR,,Deficiente de dados,#808080
1702,Invertebrado marinho,Diamante D'oeste,PR,,Deficiente de dados,#808080
1703,Invertebrado marinho,Dois Vizinhos,PR,,Deficiente de dados,#808080
1704,Invertebrado marinho,Douradina,PR,,Deficiente de dados,#808080
1705,Invertebrado marinho,Doutor Camargo,PR,,Deficiente de dados,#808080
1706,Invertebrado marinho,Enéas Marques,PR,,Deficiente de dados,#808080
1707,Invertebrado marinho,Engenheiro Beltrão,PR,,Deficiente de dados,#808080
1708,Invertebrado marinho,Esperança Nova,PR,,Deficiente de dados,#808080
1709,Invertebrado marinho,Entre Rios Do Oeste,PR,,Deficiente de dados,#808080
1710,Invertebrado marinho,Espigão Alto Do Iguaçu,PR,,Deficiente de dados,#808080
1711,Invertebrado marinho,Farol,PR,,Deficiente de dados,#808080
1712,Invertebrado marinho,Faxinal,PR,,Deficiente de dados,#808080
1713,Invertebrado marinho,Fazenda Rio Grande,PR,,Deficiente de dados,#808080
1714,Invertebrado marinho,Fênix,PR,,Deficiente de dados,#808080
1715,Invertebrado marinho,Fernandes Pinheiro,PR,,Deficiente de dados,#808080
1716,Invertebrado marinho,Figueira,PR,,Deficiente de dados,#808080
1717,Invertebrado marinho,Floraí,PR,,Deficiente de dados,#808080
1718,Invertebrado marinho,Flor Da Serra Do Sul,PR,,Deficiente de dados,#808080
1719,Invertebrado marinho,Floresta,PR,,Deficiente de dados,#808080
1720,Invertebrado marinho,Florestópolis,PR,,Deficiente de dados,#808080
1721,Invertebrado marinho,Flórida,PR,,Deficiente de dados,#808080
1722,Invertebrado marinho,Formosa Do Oeste,PR,,Deficiente de dados,#808080
1723,Invertebrado marinho,Francisco Alves,PR,,Deficiente de dados,#808080
1724,Invertebrado marinho,Francisco Beltrão,PR,,Deficiente de dados,#808080
1725,Invertebrado marinho,Foz Do Jordão,PR,,Deficiente de dados,#808080
1726,Invertebrado marinho,General Carneiro,PR,,Deficiente de dados,#808080
1727,Invertebrado marinho,Godoy Moreira,PR,,Deficiente de dados,#808080
1728,Invertebrado marinho,Goioerê,PR,,Deficiente de dados,#808080
1729,Invertebrado marinho,Goioxim,PR,,Deficiente de dados,#808080
1730,Invertebrado marinho,Grandes Rios,PR,,Deficiente de dados,#808080
1731,Invertebrado marinho,Guaíra,PR,,Deficiente de dados,#808080
1732,Invertebrado marinho,Guairaçá,PR,,Deficiente de dados,#808080
1733,Invertebrado marinho,Guamiranga,PR,,Deficiente de dados,#808080
1734,Invertebrado marinho,Guapirama,PR,,Deficiente de dados,#808080
1735,Invertebrado marinho,Guaporema,PR,,Deficiente de dados,#808080
1736,Invertebrado marinho,Guaraci,PR,,Deficiente de dados,#808080
1737,Invertebrado marinho,Guaraniaçu,PR,,Deficiente de dados,#808080
1738,Invertebrado marinho,Guarapuava,PR,,Deficiente de dados,#808080
1739,Invertebrado marinho,Honório Serpa,PR,,Deficiente de dados,#808080
1740,Invertebrado marinho,Ibaiti,PR,,Deficiente de dados,#808080
1741,Invertebrado marinho,Ibema,PR,,Deficiente de dados,#808080
1742,Invertebrado marinho,Ibiporã,PR,,Deficiente de dados,#808080
1743,Invertebrado marinho,Icaraíma,PR,,Deficiente de dados,#808080
1744,Invertebrado marinho,Iguaraçu,PR,,Deficiente de dados,#808080
1745,Invertebrado marinho,Iguatu,PR,,Deficiente de dados,#808080
1746,Invertebrado marinho,Imbaú,PR,,Deficiente de dados,#808080
1747,Invertebrado marinho,Imbituva,PR,,Deficiente de dados,#808080
1748,Invertebrado marinho,Inácio Martins,PR,,Deficiente de dados,#808080
1749,Invertebrado marinho,Inajá,PR,,Deficiente de dados,#808080
1750,Invertebrado marinho,Indianópolis,PR,,Deficiente de dados,#808080
1751,Invertebrado marinho,Ipiranga,PR,,Deficiente de dados,#808080
1752,Invertebrado marinho,Iporã,PR,,Deficiente de dados,#808080
1753,Invertebrado marinho,Iracema Do Oeste,PR,,Deficiente de dados,#808080
1754,Invertebrado marinho,Irati,PR,,Deficiente de dados,#808080
1755,Invertebrado marinho,Iretama,PR,,Deficiente de dados,#808080
1756,Invertebrado marinho,Itaguajé,PR,,Deficiente de dados,#808080
1757,Invertebrado marinho,Itaipulândia,PR,,Deficiente de dados,#808080
1758,Invertebrado marinho,Itambaracá,PR,,Deficiente de dados,#808080
1759,Invertebrado marinho,Itambé,PR,,Deficiente de dados,#808080
1760,Invertebrado marinho,Itapejara D'oeste,PR,,Deficiente de dados,#808080
1761,Invertebrado marinho,Itaperuçu,PR,,Deficiente de dados,#808080
1762,Invertebrado marinho,Itaúna Do Sul,PR,,Deficiente de dados,#808080
1763,Invertebrado marinho,Ivaí,PR,,Deficiente de dados,#808080
1764,Invertebrado marinho,Ivaiporã,PR,,Deficiente de dados,#808080
1765,Invertebrado marinho,Ivaté,PR,,Deficiente de dados,#808080
1766,Invertebrado marinho,Ivatuba,PR,,Deficiente de dados,#808080
1767,Invertebrado marinho,Jaboti,PR,,Deficiente de dados,#808080
1768,Invertebrado marinho,Jacarezinho,PR,,Deficiente de dados,#808080
1769,Invertebrado marinho,Jaguapitã,PR,,Deficiente de dados,#808080
1770,Invertebrado marinho,Jaguariaíva,PR,,Deficiente de dados,#808080
1771,Invertebrado marinho,Jandaia Do Sul,PR,,Deficiente de dados,#808080
1772,Invertebrado marinho,Janiópolis,PR,,Deficiente de dados,#808080
1773,Invertebrado marinho,Japira,PR,,Deficiente de dados,#808080
1774,Invertebrado marinho,Japurá,PR,,Deficiente de dados,#808080
1775,Invertebrado marinho,Jardim Alegre,PR,,Deficiente de dados,#808080
1776,Invertebrado marinho,Jardim Olinda,PR,,Deficiente de dados,#808080
1777,Invertebrado marinho,Jataizinho,PR,,Deficiente de dados,#808080
1778,Invertebrado marinho,Jesuítas,PR,,Deficiente de dados,#808080
1779,Invertebrado marinho,Joaquim Távora,PR,,Deficiente de dados,#808080
1780,Invertebrado marinho,Jundiaí Do Sul,PR,,Deficiente de dados,#808080
1781,Invertebrado marinho,Juranda,PR,,Deficiente de dados,#808080
1782,Invertebrado marinho,Jussara,PR,,Deficiente de dados,#808080
1783,Invertebrado marinho,Kaloré,PR,,Deficiente de dados,#808080
1784,Invertebrado marinho,Lapa,PR,,Deficiente de dados,#808080
1785,Invertebrado marinho,Laranjal,PR,,Deficiente de dados,#808080
1786,Invertebrado marinho,Laranjeiras Do Sul,PR,,Deficiente de dados,#808080
1787,Invertebrado marinho,Leópolis,PR,,Deficiente de dados,#808080
1788,Invertebrado marinho,Lidianópolis,PR,,Deficiente de dados,#808080
1789,Invertebrado marinho,Lindoeste,PR,,Deficiente de dados,#808080
1790,Invertebrado marinho,Loanda,PR,,Deficiente de dados,#808080
1791,Invertebrado marinho,Lobato,PR,,Deficiente de dados,#808080
1792,Invertebrado marinho,Londrina,PR,,Deficiente de dados,#808080
1793,Invertebrado marinho,Luiziana,PR,,Deficiente de dados,#808080
1794,Invertebrado marinho,Lunardelli,PR,,Deficiente de dados,#808080
1795,Invertebrado marinho,Lupionópolis,PR,,Deficiente de dados,#808080
1796,Invertebrado marinho,Mallet,PR,,Deficiente de dados,#808080
1797,Invertebrado marinho,Mamborê,PR,,Deficiente de dados,#808080
1798,Invertebrado marinho,Mandaguaçu,PR,,Deficiente de dados,#808080
1799,Invertebrado marinho,Mandaguari,PR,,Deficiente de dados,#808080
1800,Invertebrado marinho,Mandirituba,PR,,Deficiente de dados,#808080
1801,Invertebrado marinho,Manfrinópolis,PR,,Deficiente de dados,#808080
1802,Invertebrado marinho,Mangueirinha,PR,,Deficiente de dados,#808080
1803,Invertebrado marinho,Manoel Ribas,PR,,Deficiente de dados,#808080
1804,Invertebrado marinho,Marechal Cândido Rondon,PR,,Deficiente de dados,#808080
1805,Invertebrado marinho,Maria Helena,PR,,Deficiente de dados,#808080
1806,Invertebrado marinho,Marialva,PR,,Deficiente de dados,#808080
1807,Invertebrado marinho,Marilândia Do Sul,PR,,Deficiente de dados,#808080
1808,Invertebrado marinho,Marilena,PR,,Deficiente de dados,#808080
1809,Invertebrado marinho,Mariluz,PR,,Deficiente de dados,#808080
1810,Invertebrado marinho,Maringá,PR,,Deficiente de dados,#808080
1811,Invertebrado marinho,Mariópolis,PR,,Deficiente de dados,#808080
1812,Invertebrado marinho,Maripá,PR,,Deficiente de dados,#808080
1813,Invertebrado marinho,Marmeleiro,PR,,Deficiente de dados,#808080
1814,Invertebrado marinho,Marquinho,PR,,Deficiente de dados,#808080
1815,Invertebrado marinho,Marumbi,PR,,Deficiente de dados,#808080
1816,Invertebrado marinho,Matelândia,PR,,Deficiente de dados,#808080
1817,Invertebrado marinho,Mato Rico,PR,,Deficiente de dados,#808080
1818,Invertebrado marinho,Mauá Da Serra,PR,,Deficiente de dados,#808080
1819,Invertebrado marinho,Medianeira,PR,,Deficiente de dados,#808080
1820,Invertebrado marinho,Mercedes,PR,,Deficiente de dados,#808080
1821,Invertebrado marinho,Mirador,PR,,Deficiente de dados,#808080
1822,Invertebrado marinho,Miraselva,PR,,Deficiente de dados,#808080
1823,Invertebrado marinho,Missal,PR,,Deficiente de dados,#808080
1824,Invertebrado marinho,Moreira Sales,PR,,Deficiente de dados,#808080
1825,Invertebrado marinho,Morretes,PR,,Deficiente de dados,#808080
1826,Invertebrado marinho,Munhoz De Melo,PR,,Deficiente de dados,#808080
1827,Invertebrado marinho,Nossa Senhora Das Graças,PR,,Deficiente de dados,#808080
1828,Invertebrado marinho,Nova Aliança Do Ivaí,PR,,Deficiente de dados,#808080
1829,Invertebrado marinho,Nova América Da Colina,PR,,Deficiente de dados,#808080
1830,Invertebrado marinho,Nova Aurora,PR,,Deficiente de dados,#808080
1831,Invertebrado marinho,Nova Cantu,PR,,Deficiente de dados,#808080
1832,Invertebrado marinho,Nova Esperança,PR,,Deficiente de dados,#808080
1833,Invertebrado marinho,Nova Esperança Do Sudoeste,PR,,Deficiente de dados,#808080
1834,Invertebrado marinho,Nova Fátima,PR,,Deficiente de dados,#808080
1835,Invertebrado marinho,Nova Laranjeiras,PR,,Deficiente de dados,#808080
1836,Invertebrado marinho,Nova Londrina,PR,,Deficiente de dados,#808080
1837,Invertebrado marinho,Nova Olímpia,PR,,Deficiente de dados,#808080
1838,Invertebrado marinho,Nova Santa Bárbara,PR,,Deficiente de dados,#808080
1839,Invertebrado marinho,Nova Santa Rosa,PR,,Deficiente de dados,#808080
1840,Invertebrado marinho,Nova Tebas,PR,,Deficiente de dados,#808080
1841,Invertebrado marinho,Novo Itacolomi,PR,,Deficiente de dados,#808080
1842,Invertebrado marinho,Ortigueira,PR,,Deficiente de dados,#808080
1843,Invertebrado marinho,Ourizona,PR,,Deficiente de dados,#808080
1844,Invertebrado marinho,Ouro Verde Do Oeste,PR,,Deficiente de dados,#808080
1845,Invertebrado marinho,Paiçandu,PR,,Deficiente de dados,#808080
1846,Invertebrado marinho,Palmas,PR,,Deficiente de dados,#808080
1847,Invertebrado marinho,Palmeira,PR,,Deficiente de dados,#808080
1848,Invertebrado marinho,Palmital,PR,,Deficiente de dados,#808080
1849,Invertebrado marinho,Palotina,PR,,Deficiente de dados,#808080
1850,Invertebrado marinho,Paraíso Do Norte,PR,,Deficiente de dados,#808080
1851,Invertebrado marinho,Paranacity,PR,,Deficiente de dados,#808080
1852,Invertebrado marinho,Paranapoema,PR,,Deficiente de dados,#808080
1853,Invertebrado marinho,Paranavaí,PR,,Deficiente de dados,#808080
1854,Invertebrado marinho,Pato Bragado,PR,,Deficiente de dados,#808080
1855,Invertebrado marinho,Pato Branco,PR,,Deficiente de dados,#808080
1856,Invertebrado marinho,Paula Freitas,PR,,Deficiente de dados,#808080
1857,Invertebrado marinho,Paulo Frontin,PR,,Deficiente de dados,#808080
1858,Invertebrado marinho,Peabiru,PR,,Deficiente de dados,#808080
1859,Invertebrado marinho,Perobal,PR,,Deficiente de dados,#808080
1860,Invertebrado marinho,Pérola,PR,,Deficiente de dados,#808080
1861,Invertebrado marinho,Pérola D'oeste,PR,,Deficiente de dados,#808080
1862,Invertebrado marinho,Piên,PR,,Deficiente de dados,#808080
1863,Invertebrado marinho,Pinhais,PR,,Deficiente de dados,#808080
1864,Invertebrado marinho,Pinhalão,PR,,Deficiente de dados,#808080
1865,Invertebrado marinho,Pinhal De São Bento,PR,,Deficiente de dados,#808080
1866,Invertebrado marinho,Pinhão,PR,,Deficiente de dados,#808080
1867,Invertebrado marinho,Piraí Do Sul,PR,,Deficiente de dados,#808080
1868,Invertebrado marinho,Piraquara,PR,,Deficiente de dados,#808080
1869,Invertebrado marinho,Pitanga,PR,,Deficiente de dados,#808080
1870,Invertebrado marinho,Pitangueiras,PR,,Deficiente de dados,#808080
1871,Invertebrado marinho,Planaltina Do Paraná,PR,,Deficiente de dados,#808080
1872,Invertebrado marinho,Planalto,PR,,Deficiente de dados,#808080
1873,Invertebrado marinho,Ponta Grossa,PR,,Deficiente de dados,#808080
1874,Invertebrado marinho,Porecatu,PR,,Deficiente de dados,#808080
1875,Invertebrado marinho,Porto Amazonas,PR,,Deficiente de dados,#808080
1876,Invertebrado marinho,Porto Barreiro,PR,,Deficiente de dados,#808080
1877,Invertebrado marinho,Porto Rico,PR,,Deficiente de dados,#808080
1878,Invertebrado marinho,Porto Vitória,PR,,Deficiente de dados,#808080
1879,Invertebrado marinho,Prado Ferreira,PR,,Deficiente de dados,#808080
1880,Invertebrado marinho,Pranchita,PR,,Deficiente de dados,#808080
1881,Invertebrado marinho,Presidente Castelo Branco,PR,,Deficiente de dados,#808080
1882,Invertebrado marinho,Primeiro De Maio,PR,,Deficiente de dados,#808080
1883,Invertebrado marinho,Prudentópolis,PR,,Deficiente de dados,#808080
1884,Invertebrado marinho,Quarto Centenário,PR,,Deficiente de dados,#808080
1885,Invertebrado marinho,Quatiguá,PR,,Deficiente de dados,#808080
1886,Invertebrado marinho,Quatro Barras,PR,,Deficiente de dados,#808080
1887,Invertebrado marinho,Quatro Pontes,PR,,Deficiente de dados,#808080
1888,Invertebrado marinho,Quedas Do Iguaçu,PR,,Deficiente de dados,#808080
1889,Invertebrado marinho,Querência Do Norte,PR,,Deficiente de dados,#808080
1890,Invertebrado marinho,Quinta Do Sol,PR,,Deficiente de dados,#808080
1891,Invertebrado marinho,Quitandinha,PR,,Deficiente de dados,#808080
1892,Invertebrado marinho,Ramilândia,PR,,Deficiente de dados,#808080
1893,Invertebrado marinho,Rancho Alegre,PR,,Deficiente de dados,#808080
1894,Invertebrado marinho,Rancho Alegre D'oeste,PR,,Deficiente de dados,#808080
1895,Invertebrado marinho,Realeza,PR,,Deficiente de dados,#808080
1896,Invertebrado marinho,Rebouças,PR,,Deficiente de dados,#808080
1897,Invertebrado marinho,Renascença,PR,,Deficiente de dados,#808080
1898,Invertebrado marinho,Reserva,PR,,Deficiente de dados,#808080
1899,Invertebrado marinho,Reserva Do Iguaçu,PR,,Deficiente de dados,#808080
1900,Invertebrado marinho,Ribeirão Claro,PR,,Deficiente de dados,#808080
1901,Invertebrado marinho,Ribeirão Do Pinhal,PR,,Deficiente de dados,#808080
1902,Invertebrado marinho,Rio Azul,PR,,Deficiente de dados,#808080
1903,Invertebrado marinho,Rio Bom,PR,,Deficiente de dados,#808080
1904,Invertebrado marinho,Rio Bonito Do Iguaçu,PR,,Deficiente de dados,#808080
1905,Invertebrado marinho,Rio Branco Do Ivaí,PR,,Deficiente de dados,#808080
1906,Invertebrado marinho,Rio Branco Do Sul,PR,,Deficiente de dados,#808080
1907,Invertebrado marinho,Rio Negro,PR,,Deficiente de dados,#808080
1908,Invertebrado marinho,Rolândia,PR,,Deficiente de dados,#808080
1909,Invertebrado marinho,Roncador,PR,,Deficiente de dados,#808080
1910,Invertebrado marinho,Rondon,PR,,Deficiente de dados,#808080
1911,Invertebrado marinho,Rosário Do Ivaí,PR,,Deficiente de dados,#808080
1912,Invertebrado marinho,Sabáudia,PR,,Deficiente de dados,#808080
1913,Invertebrado marinho,Salgado Filho,PR,,Deficiente de dados,#808080
1914,Invertebrado marinho,Salto Do Itararé,PR,,Deficiente de dados,#808080
1915,Invertebrado marinho,Salto Do Lontra,PR,,Deficiente de dados,#808080
1916,Invertebrado marinho,Santa Amélia,PR,,Deficiente de dados,#808080
1917,Invertebrado marinho,Santa Cecília Do Pavão,PR,,Deficiente de dados,#808080
1918,Invertebrado marinho,Santa Cruz De Monte Castelo,PR,,Deficiente de dados,#808080
1919,Invertebrado marinho,Santa Fé,PR,,Deficiente de dados,#808080
1920,Invertebrado marinho,Santa Helena,PR,,Deficiente de dados,#808080
1921,Invertebrado marinho,Santa Inês,PR,,Deficiente de dados,#808080
1922,Invertebrado marinho,Santa Isabel Do Ivaí,PR,,Deficiente de dados,#808080
1923,Invertebrado marinho,Santa Izabel Do Oeste,PR,,Deficiente de dados,#808080
1924,Invertebrado marinho,Santa Lúcia,PR,,Deficiente de dados,#808080
1925,Invertebrado marinho,Santa Maria Do Oeste,PR,,Deficiente de dados,#808080
1926,Invertebrado marinho,Santa Mariana,PR,,Deficiente de dados,#808080
1927,Invertebrado marinho,Santa Mônica,PR,,Deficiente de dados,#808080
1928,Invertebrado marinho,Santana Do Itararé,PR,,Deficiente de dados,#808080
1929,Invertebrado marinho,Santa Tereza Do Oeste,PR,,Deficiente de dados,#808080
1930,Invertebrado marinho,Santo Antônio Da Platina,PR,,Deficiente de dados,#808080
1931,Invertebrado marinho,Santo Antônio Do Caiuá,PR,,Deficiente de dados,#808080
1932,Invertebrado marinho,Santo Antônio Do Paraíso,PR,,Deficiente de dados,#808080
1933,Invertebrado marinho,Santo Antônio Do Sudoeste,PR,,Deficiente de dados,#808080
1934,Invertebrado marinho,Santo Inácio,PR,,Deficiente de dados,#808080
1935,Invertebrado marinho,São Carlos Do Ivaí,PR,,Deficiente de dados,#808080
1936,Invertebrado marinho,São Jerônimo Da Serra,PR,,Deficiente de dados,#808080
1937,Invertebrado marinho,São João,PR,,Deficiente de dados,#808080
1938,Invertebrado marinho,São João Do Caiuá,PR,,Deficiente de dados,#808080
1939,Invertebrado marinho,São João Do Ivaí,PR,,Deficiente de dados,#808080
1940,Invertebrado marinho,São João Do Triunfo,PR,,Deficiente de dados,#808080
1941,Invertebrado marinho,São Jorge D'oeste,PR,,Deficiente de dados,#808080
1942,Invertebrado marinho,São Jorge Do Ivaí,PR,,Deficiente de dados,#808080
1943,Invertebrado marinho,São Jorge Do Patrocínio,PR,,Deficiente de dados,#808080
1944,Invertebrado marinho,São José Da Boa Vista,PR,,Deficiente de dados,#808080
1945,Invertebrado marinho,São José Das Palmeiras,PR,,Deficiente de dados,#808080
1946,Invertebrado marinho,São José Dos Pinhais,PR,,Deficiente de dados,#808080
1947,Invertebrado marinho,São Manoel Do Paraná,PR,,Deficiente de dados,#808080
1948,Invertebrado marinho,São Mateus Do Sul,PR,,Deficiente de dados,#808080
1949,Invertebrado marinho,São Miguel Do Iguaçu,PR,,Deficiente de dados,#808080
1950,Invertebrado marinho,São Pedro Do Iguaçu,PR,,Deficiente de dados,#808080
1951,Invertebrado marinho,São Pedro Do Ivaí,PR,,Deficiente de dados,#808080
1952,Invertebrado marinho,São Pedro Do Paraná,PR,,Deficiente de dados,#808080
1953,Invertebrado marinho,São Sebastião Da Amoreira,PR,,Deficiente de dados,#808080
1954,Invertebrado marinho,São Tomé,PR,,Deficiente de dados,#808080
1955,Invertebrado marinho,Sapopema,PR,,Deficiente de dados,#808080
1956,Invertebrado marinho,Sarandi,PR,,Deficiente de dados,#808080
1957,Invertebrado marinho,Saudade Do Iguaçu,PR,,Deficiente de dados,#808080
1958,Invertebrado marinho,Sengés,PR,,Deficiente de dados,#808080
1959,Invertebrado marinho,Serranópolis Do Iguaçu,PR,,Deficiente de dados,#808080
1960,Invertebrado marinho,Sertaneja,PR,,Deficiente de dados,#808080
1961,Invertebrado marinho,Sertanópolis,PR,,Deficiente de dados,#808080
1962,Invertebrado marinho,Siqueira Campos,PR,,Deficiente de dados,#808080
1963,Invertebrado marinho,Sulina,PR,,Deficiente de dados,#808080
1964,Invertebrado marinho,Tamarana,PR,,Deficiente de dados,#808080
1965,Invertebrado marinho,Tamboara,PR,,Deficiente de dados,#808080
1966,Invertebrado marinho,Tapejara,PR,,Deficiente de dados,#808080
1967,Invertebrado marinho,Tapira,PR,,Deficiente de dados,#808080
1968,Invertebrado marinho,Teixeira Soares,PR,,Deficiente de dados,#808080
1969,Invertebrado marinho,Telêmaco Borba,PR,,Deficiente de dados,#808080
1970,Invertebrado marinho,Terra Boa,PR,,Deficiente de dados,#808080
1971,Invertebrado marinho,Terra Rica,PR,,Deficiente de dados,#808080
1972,Invertebrado marinho,Terra Roxa,PR,,Deficiente de dados,#808080
1973,Invertebrado marinho,Tibagi,PR,,Deficiente de dados,#808080
1974,Invertebrado marinho,Tijucas Do Sul,PR,,Deficiente de dados,#808080
1975,Invertebrado marinho,Toledo,PR,,Deficiente de dados,#808080
1976,Invertebrado marinho,Tomazina,PR,,Deficiente de dados,#808080
1977,Invertebrado marinho,Três Barras Do Paraná,PR,,Deficiente de dados,#808080
1978,Invertebrado marinho,Tunas Do Paraná,PR,,Deficiente de dados,#808080
1979,Invertebrado marinho,Tuneiras Do Oeste,PR,,Deficiente de dados,#808080
1980,Invertebrado marinho,Tupãssi,PR,,Deficiente de dados,#808080
1981,Invertebrado marinho,Turvo,PR,,Deficiente de dados,#808080
1982,Invertebrado marinho,Ubiratã,PR,,Deficiente de dados,#808080
1983,Invertebrado marinho,Umuarama,PR,,Deficiente de dados,#808080
1984,Invertebrado marinho,União Da Vitória,PR,,Deficiente de dados,#808080
1985,Invertebrado marinho,Uniflor,PR,,Deficiente de dados,#808080
1986,Invertebrado marinho,Uraí,PR,,Deficiente de dados,#808080
1987,Invertebrado marinho,Wenceslau Braz,PR,,Deficiente de dados,#808080
1988,Invertebrado marinho,Ventania,PR,,Deficiente de dados,#808080
1989,Invertebrado marinho,Vera Cruz Do Oeste,PR,,Deficiente de dados,#808080
1990,Invertebrado marinho,Verê,PR,,Deficiente de dados,#808080
1991,Invertebrado marinho,Alto Paraíso,PR,,Deficiente de dados,#808080
1992,Invertebrado marinho,Doutor Ulysses,PR,,Deficiente de dados,#808080
1993,Invertebrado marinho,Virmond,PR,,Deficiente de dados,#808080
1994,Invertebrado marinho,Vitorino,PR,,Deficiente de dados,#808080
1995,Invertebrado marinho,Xambrê,PR,,Deficiente de dados,#808080
1996,Vertebrado marinho,Antonina,PR,2,Baixo,#f9f871
1997,Vertebrado marinho,Guaratuba,PR,1,Muito Baixo,#00a6ca
1998,Vertebrado marinho,Paranaguá,PR,3,Médio,#ffc44d
1999,Vertebrado marinho,Pontal Do Paraná,PR,4,Alto,#ff7a43
2000,Vertebrado marinho,Abatiá,PR,,Deficiente de dados,#808080
2001,Vertebrado marinho,Adrianópolis,PR,,Deficiente de dados,#808080
2002,Vertebrado marinho,Agudos Do Sul,PR,,Deficiente de dados,#808080
2003,Vertebrado marinho,Almirante Tamandaré,PR,,Deficiente de dados,#808080
2004,Vertebrado marinho,Altamira Do Paraná,PR,,Deficiente de dados,#808080
2005,Vertebrado marinho,Altônia,PR,,Deficiente de dados,#808080
2006,Vertebrado marinho,Alto Paraná,PR,,Deficiente de dados,#808080
2007,Vertebrado marinho,Alto Piquiri,PR,,Deficiente de dados,#808080
2008,Vertebrado marinho,Alvorada Do Sul,PR,,Deficiente de dados,#808080
2009,Vertebrado marinho,Amaporã,PR,,Deficiente de dados,#808080
2010,Vertebrado marinho,Ampére,PR,,Deficiente de dados,#808080
2011,Vertebrado marinho,Anahy,PR,,Deficiente de dados,#808080
2012,Vertebrado marinho,Andirá,PR,,Deficiente de dados,#808080
2013,Vertebrado marinho,Ângulo,PR,,Deficiente de dados,#808080
2014,Vertebrado marinho,Antônio Olinto,PR,,Deficiente de dados,#808080
2015,Vertebrado marinho,Apucarana,PR,,Deficiente de dados,#808080
2016,Vertebrado marinho,Arapongas,PR,,Deficiente de dados,#808080
2017,Vertebrado marinho,Arapoti,PR,,Deficiente de dados,#808080
2018,Vertebrado marinho,Arapuã,PR,,Deficiente de dados,#808080
2019,Vertebrado marinho,Araruna,PR,,Deficiente de dados,#808080
2020,Vertebrado marinho,Araucária,PR,,Deficiente de dados,#808080
2021,Vertebrado marinho,Ariranha Do Ivaí,PR,,Deficiente de dados,#808080
2022,Vertebrado marinho,Assaí,PR,,Deficiente de dados,#808080
2023,Vertebrado marinho,Assis Chateaubriand,PR,,Deficiente de dados,#808080
2024,Vertebrado marinho,Astorga,PR,,Deficiente de dados,#808080
2025,Vertebrado marinho,Atalaia,PR,,Deficiente de dados,#808080
2026,Vertebrado marinho,Balsa Nova,PR,,Deficiente de dados,#808080
2027,Vertebrado marinho,Bandeirantes,PR,,Deficiente de dados,#808080
2028,Vertebrado marinho,Barbosa Ferraz,PR,,Deficiente de dados,#808080
2029,Vertebrado marinho,Barracão,PR,,Deficiente de dados,#808080
2030,Vertebrado marinho,Barra Do Jacaré,PR,,Deficiente de dados,#808080
2031,Vertebrado marinho,Bela Vista Da Caroba,PR,,Deficiente de dados,#808080
2032,Vertebrado marinho,Bela Vista Do Paraíso,PR,,Deficiente de dados,#808080
2033,Vertebrado marinho,Bituruna,PR,,Deficiente de dados,#808080
2034,Vertebrado marinho,Boa Esperança,PR,,Deficiente de dados,#808080
2035,Vertebrado marinho,Boa Esperança Do Iguaçu,PR,,Deficiente de dados,#808080
2036,Vertebrado marinho,Boa Ventura De São Roque,PR,,Deficiente de dados,#808080
2037,Vertebrado marinho,Boa Vista Da Aparecida,PR,,Deficiente de dados,#808080
2038,Vertebrado marinho,Bocaiúva Do Sul,PR,,Deficiente de dados,#808080
2039,Vertebrado marinho,Bom Jesus Do Sul,PR,,Deficiente de dados,#808080
2040,Vertebrado marinho,Bom Sucesso,PR,,Deficiente de dados,#808080
2041,Vertebrado marinho,Bom Sucesso Do Sul,PR,,Deficiente de dados,#808080
2042,Vertebrado marinho,Borrazópolis,PR,,Deficiente de dados,#808080
2043,Vertebrado marinho,Braganey,PR,,Deficiente de dados,#808080
2044,Vertebrado marinho,Brasilândia Do Sul,PR,,Deficiente de dados,#808080
2045,Vertebrado marinho,Cafeara,PR,,Deficiente de dados,#808080
2046,Vertebrado marinho,Cafelândia,PR,,Deficiente de dados,#808080
2047,Vertebrado marinho,Cafezal Do Sul,PR,,Deficiente de dados,#808080
2048,Vertebrado marinho,Califórnia,PR,,Deficiente de dados,#808080
2049,Vertebrado marinho,Cambará,PR,,Deficiente de dados,#808080
2050,Vertebrado marinho,Cambé,PR,,Deficiente de dados,#808080
2051,Vertebrado marinho,Cambira,PR,,Deficiente de dados,#808080
2052,Vertebrado marinho,Campina Da Lagoa,PR,,Deficiente de dados,#808080
2053,Vertebrado marinho,Campina Do Simão,PR,,Deficiente de dados,#808080
2054,Vertebrado marinho,Campina Grande Do Sul,PR,,Deficiente de dados,#808080
2055,Vertebrado marinho,Campo Bonito,PR,,Deficiente de dados,#808080
2056,Vertebrado marinho,Campo Do Tenente,PR,,Deficiente de dados,#808080
2057,Vertebrado marinho,Campo Largo,PR,,Deficiente de dados,#808080
2058,Vertebrado marinho,Campo Magro,PR,,Deficiente de dados,#808080
2059,Vertebrado marinho,Campo Mourão,PR,,Deficiente de dados,#808080
2060,Vertebrado marinho,Cândido De Abreu,PR,,Deficiente de dados,#808080
2061,Vertebrado marinho,Candói,PR,,Deficiente de dados,#808080
2062,Vertebrado marinho,Cantagalo,PR,,Deficiente de dados,#808080
2063,Vertebrado marinho,Capanema,PR,,Deficiente de dados,#808080
2064,Vertebrado marinho,Capitão Leônidas Marques,PR,,Deficiente de dados,#808080
2065,Vertebrado marinho,Carambeí,PR,,Deficiente de dados,#808080
2066,Vertebrado marinho,Carlópolis,PR,,Deficiente de dados,#808080
2067,Vertebrado marinho,Cascavel,PR,,Deficiente de dados,#808080
2068,Vertebrado marinho,Castro,PR,,Deficiente de dados,#808080
2069,Vertebrado marinho,Catanduvas,PR,,Deficiente de dados,#808080
2070,Vertebrado marinho,Centenário Do Sul,PR,,Deficiente de dados,#808080
2071,Vertebrado marinho,Cerro Azul,PR,,Deficiente de dados,#808080
2072,Vertebrado marinho,Céu Azul,PR,,Deficiente de dados,#808080
2073,Vertebrado marinho,Chopinzinho,PR,,Deficiente de dados,#808080
2074,Vertebrado marinho,Cianorte,PR,,Deficiente de dados,#808080
2075,Vertebrado marinho,Cidade Gaúcha,PR,,Deficiente de dados,#808080
2076,Vertebrado marinho,Clevelândia,PR,,Deficiente de dados,#808080
2077,Vertebrado marinho,Colombo,PR,,Deficiente de dados,#808080
2078,Vertebrado marinho,Colorado,PR,,Deficiente de dados,#808080
2079,Vertebrado marinho,Congonhinhas,PR,,Deficiente de dados,#808080
2080,Vertebrado marinho,Conselheiro Mairinck,PR,,Deficiente de dados,#808080
2081,Vertebrado marinho,Contenda,PR,,Deficiente de dados,#808080
2082,Vertebrado marinho,Corbélia,PR,,Deficiente de dados,#808080
2083,Vertebrado marinho,Cornélio Procópio,PR,,Deficiente de dados,#808080
2084,Vertebrado marinho,Coronel Domingos Soares,PR,,Deficiente de dados,#808080
2085,Vertebrado marinho,Coronel Vivida,PR,,Deficiente de dados,#808080
2086,Vertebrado marinho,Corumbataí Do Sul,PR,,Deficiente de dados,#808080
2087,Vertebrado marinho,Cruzeiro Do Iguaçu,PR,,Deficiente de dados,#808080
2088,Vertebrado marinho,Cruzeiro Do Oeste,PR,,Deficiente de dados,#808080
2089,Vertebrado marinho,Cruzeiro Do Sul,PR,,Deficiente de dados,#808080
2090,Vertebrado marinho,Cruz Machado,PR,,Deficiente de dados,#808080
2091,Vertebrado marinho,Cruzmaltina,PR,,Deficiente de dados,#808080
2092,Vertebrado marinho,Curitiba,PR,,Deficiente de dados,#808080
2093,Vertebrado marinho,Curiúva,PR,,Deficiente de dados,#808080
2094,Vertebrado marinho,Diamante Do Norte,PR,,Deficiente de dados,#808080
2095,Vertebrado marinho,Diamante Do Sul,PR,,Deficiente de dados,#808080
2096,Vertebrado marinho,Diamante D'oeste,PR,,Deficiente de dados,#808080
2097,Vertebrado marinho,Dois Vizinhos,PR,,Deficiente de dados,#808080
2098,Vertebrado marinho,Douradina,PR,,Deficiente de dados,#808080
2099,Vertebrado marinho,Doutor Camargo,PR,,Deficiente de dados,#808080
2100,Vertebrado marinho,Enéas Marques,PR,,Deficiente de dados,#808080
2101,Vertebrado marinho,Engenheiro Beltrão,PR,,Deficiente de dados,#808080
2102,Vertebrado marinho,Esperança Nova,PR,,Deficiente de dados,#808080
2103,Vertebrado marinho,Entre Rios Do Oeste,PR,,Deficiente de dados,#808080
2104,Vertebrado marinho,Espigão Alto Do Iguaçu,PR,,Deficiente de dados,#808080
2105,Vertebrado marinho,Farol,PR,,Deficiente de dados,#808080
2106,Vertebrado marinho,Faxinal,PR,,Deficiente de dados,#808080
2107,Vertebrado marinho,Fazenda Rio Grande,PR,,Deficiente de dados,#808080
2108,Vertebrado marinho,Fênix,PR,,Deficiente de dados,#808080
2109,Vertebrado marinho,Fernandes Pinheiro,PR,,Deficiente de dados,#808080
2110,Vertebrado marinho,Figueira,PR,,Deficiente de dados,#808080
2111,Vertebrado marinho,Floraí,PR,,Deficiente de dados,#808080
2112,Vertebrado marinho,Flor Da Serra Do Sul,PR,,Deficiente de dados,#808080
2113,Vertebrado marinho,Floresta,PR,,Deficiente de dados,#808080
2114,Vertebrado marinho,Florestópolis,PR,,Deficiente de dados,#808080
2115,Vertebrado marinho,Flórida,PR,,Deficiente de dados,#808080
2116,Vertebrado marinho,Formosa Do Oeste,PR,,Deficiente de dados,#808080
2117,Vertebrado marinho,Foz Do Iguaçu,PR,,Deficiente de dados,#808080
2118,Vertebrado marinho,Francisco Alves,PR,,Deficiente de dados,#808080
2119,Vertebrado marinho,Francisco Beltrão,PR,,Deficiente de dados,#808080
2120,Vertebrado marinho,Foz Do Jordão,PR,,Deficiente de dados,#808080
2121,Vertebrado marinho,General Carneiro,PR,,Deficiente de dados,#808080
2122,Vertebrado marinho,Godoy Moreira,PR,,Deficiente de dados,#808080
2123,Vertebrado marinho,Goioerê,PR,,Deficiente de dados,#808080
2124,Vertebrado marinho,Goioxim,PR,,Deficiente de dados,#808080
2125,Vertebrado marinho,Grandes Rios,PR,,Deficiente de dados,#808080
2126,Vertebrado marinho,Guaíra,PR,,Deficiente de dados,#808080
2127,Vertebrado marinho,Guairaçá,PR,,Deficiente de dados,#808080
2128,Vertebrado marinho,Guamiranga,PR,,Deficiente de dados,#808080
2129,Vertebrado marinho,Guapirama,PR,,Deficiente de dados,#808080
2130,Vertebrado marinho,Guaporema,PR,,Deficiente de dados,#808080
2131,Vertebrado marinho,Guaraci,PR,,Deficiente de dados,#808080
2132,Vertebrado marinho,Guaraniaçu,PR,,Deficiente de dados,#808080
2133,Vertebrado marinho,Guarapuava,PR,,Deficiente de dados,#808080
2134,Vertebrado marinho,Guaraqueçaba,PR,,Deficiente de dados,#808080
2135,Vertebrado marinho,Honório Serpa,PR,,Deficiente de dados,#808080
2136,Vertebrado marinho,Ibaiti,PR,,Deficiente de dados,#808080
2137,Vertebrado marinho,Ibema,PR,,Deficiente de dados,#808080
2138,Vertebrado marinho,Ibiporã,PR,,Deficiente de dados,#808080
2139,Vertebrado marinho,Icaraíma,PR,,Deficiente de dados,#808080
2140,Vertebrado marinho,Iguaraçu,PR,,Deficiente de dados,#808080
2141,Vertebrado marinho,Iguatu,PR,,Deficiente de dados,#808080
2142,Vertebrado marinho,Imbaú,PR,,Deficiente de dados,#808080
2143,Vertebrado marinho,Imbituva,PR,,Deficiente de dados,#808080
2144,Vertebrado marinho,Inácio Martins,PR,,Deficiente de dados,#808080
2145,Vertebrado marinho,Inajá,PR,,Deficiente de dados,#808080
2146,Vertebrado marinho,Indianópolis,PR,,Deficiente de dados,#808080
2147,Vertebrado marinho,Ipiranga,PR,,Deficiente de dados,#808080
2148,Vertebrado marinho,Iporã,PR,,Deficiente de dados,#808080
2149,Vertebrado marinho,Iracema Do Oeste,PR,,Deficiente de dados,#808080
2150,Vertebrado marinho,Irati,PR,,Deficiente de dados,#808080
2151,Vertebrado marinho,Iretama,PR,,Deficiente de dados,#808080
2152,Vertebrado marinho,Itaguajé,PR,,Deficiente de dados,#808080
2153,Vertebrado marinho,Itaipulândia,PR,,Deficiente de dados,#808080
2154,Vertebrado marinho,Itambaracá,PR,,Deficiente de dados,#808080
2155,Vertebrado marinho,Itambé,PR,,Deficiente de dados,#808080
2156,Vertebrado marinho,Itapejara D'oeste,PR,,Deficiente de dados,#808080
2157,Vertebrado marinho,Itaperuçu,PR,,Deficiente de dados,#808080
2158,Vertebrado marinho,Itaúna Do Sul,PR,,Deficiente de dados,#808080
2159,Vertebrado marinho,Ivaí,PR,,Deficiente de dados,#808080
2160,Vertebrado marinho,Ivaiporã,PR,,Deficiente de dados,#808080
2161,Vertebrado marinho,Ivaté,PR,,Deficiente de dados,#808080
2162,Vertebrado marinho,Ivatuba,PR,,Deficiente de dados,#808080
2163,Vertebrado marinho,Jaboti,PR,,Deficiente de dados,#808080
2164,Vertebrado marinho,Jacarezinho,PR,,Deficiente de dados,#808080
2165,Vertebrado marinho,Jaguapitã,PR,,Deficiente de dados,#808080
2166,Vertebrado marinho,Jaguariaíva,PR,,Deficiente de dados,#808080
2167,Vertebrado marinho,Jandaia Do Sul,PR,,Deficiente de dados,#808080
2168,Vertebrado marinho,Janiópolis,PR,,Deficiente de dados,#808080
2169,Vertebrado marinho,Japira,PR,,Deficiente de dados,#808080
2170,Vertebrado marinho,Japurá,PR,,Deficiente de dados,#808080
2171,Vertebrado marinho,Jardim Alegre,PR,,Deficiente de dados,#808080
2172,Vertebrado marinho,Jardim Olinda,PR,,Deficiente de dados,#808080
2173,Vertebrado marinho,Jataizinho,PR,,Deficiente de dados,#808080
2174,Vertebrado marinho,Jesuítas,PR,,Deficiente de dados,#808080
2175,Vertebrado marinho,Joaquim Távora,PR,,Deficiente de dados,#808080
2176,Vertebrado marinho,Jundiaí Do Sul,PR,,Deficiente de dados,#808080
2177,Vertebrado marinho,Juranda,PR,,Deficiente de dados,#808080
2178,Vertebrado marinho,Jussara,PR,,Deficiente de dados,#808080
2179,Vertebrado marinho,Kaloré,PR,,Deficiente de dados,#808080
2180,Vertebrado marinho,Lapa,PR,,Deficiente de dados,#808080
2181,Vertebrado marinho,Laranjal,PR,,Deficiente de dados,#808080
2182,Vertebrado marinho,Laranjeiras Do Sul,PR,,Deficiente de dados,#808080
2183,Vertebrado marinho,Leópolis,PR,,Deficiente de dados,#808080
2184,Vertebrado marinho,Lidianópolis,PR,,Deficiente de dados,#808080
2185,Vertebrado marinho,Lindoeste,PR,,Deficiente de dados,#808080
2186,Vertebrado marinho,Loanda,PR,,Deficiente de dados,#808080
2187,Vertebrado marinho,Lobato,PR,,Deficiente de dados,#808080
2188,Vertebrado marinho,Londrina,PR,,Deficiente de dados,#808080
2189,Vertebrado marinho,Luiziana,PR,,Deficiente de dados,#808080
2190,Vertebrado marinho,Lunardelli,PR,,Deficiente de dados,#808080
2191,Vertebrado marinho,Lupionópolis,PR,,Deficiente de dados,#808080
2192,Vertebrado marinho,Mallet,PR,,Deficiente de dados,#808080
2193,Vertebrado marinho,Mamborê,PR,,Deficiente de dados,#808080
2194,Vertebrado marinho,Mandaguaçu,PR,,Deficiente de dados,#808080
2195,Vertebrado marinho,Mandaguari,PR,,Deficiente de dados,#808080
2196,Vertebrado marinho,Mandirituba,PR,,Deficiente de dados,#808080
2197,Vertebrado marinho,Manfrinópolis,PR,,Deficiente de dados,#808080
2198,Vertebrado marinho,Mangueirinha,PR,,Deficiente de dados,#808080
2199,Vertebrado marinho,Manoel Ribas,PR,,Deficiente de dados,#808080
2200,Vertebrado marinho,Marechal Cândido Rondon,PR,,Deficiente de dados,#808080
2201,Vertebrado marinho,Maria Helena,PR,,Deficiente de dados,#808080
2202,Vertebrado marinho,Marialva,PR,,Deficiente de dados,#808080
2203,Vertebrado marinho,Marilândia Do Sul,PR,,Deficiente de dados,#808080
2204,Vertebrado marinho,Marilena,PR,,Deficiente de dados,#808080
2205,Vertebrado marinho,Mariluz,PR,,Deficiente de dados,#808080
2206,Vertebrado marinho,Maringá,PR,,Deficiente de dados,#808080
2207,Vertebrado marinho,Mariópolis,PR,,Deficiente de dados,#808080
2208,Vertebrado marinho,Maripá,PR,,Deficiente de dados,#808080
2209,Vertebrado marinho,Marmeleiro,PR,,Deficiente de dados,#808080
2210,Vertebrado marinho,Marquinho,PR,,Deficiente de dados,#808080
2211,Vertebrado marinho,Marumbi,PR,,Deficiente de dados,#808080
2212,Vertebrado marinho,Matelândia,PR,,Deficiente de dados,#808080
2213,Vertebrado marinho,Matinhos,PR,,Deficiente de dados,#808080
2214,Vertebrado marinho,Mato Rico,PR,,Deficiente de dados,#808080
2215,Vertebrado marinho,Mauá Da Serra,PR,,Deficiente de dados,#808080
2216,Vertebrado marinho,Medianeira,PR,,Deficiente de dados,#808080
2217,Vertebrado marinho,Mercedes,PR,,Deficiente de dados,#808080
2218,Vertebrado marinho,Mirador,PR,,Deficiente de dados,#808080
2219,Vertebrado marinho,Miraselva,PR,,Deficiente de dados,#808080
2220,Vertebrado marinho,Missal,PR,,Deficiente de dados,#808080
2221,Vertebrado marinho,Moreira Sales,PR,,Deficiente de dados,#808080
2222,Vertebrado marinho,Morretes,PR,,Deficiente de dados,#808080
2223,Vertebrado marinho,Munhoz De Melo,PR,,Deficiente de dados,#808080
2224,Vertebrado marinho,Nossa Senhora Das Graças,PR,,Deficiente de dados,#808080
2225,Vertebrado marinho,Nova Aliança Do Ivaí,PR,,Deficiente de dados,#808080
2226,Vertebrado marinho,Nova América Da Colina,PR,,Deficiente de dados,#808080
2227,Vertebrado marinho,Nova Aurora,PR,,Deficiente de dados,#808080
2228,Vertebrado marinho,Nova Cantu,PR,,Deficiente de dados,#808080
2229,Vertebrado marinho,Nova Esperança,PR,,Deficiente de dados,#808080
2230,Vertebrado marinho,Nova Esperança Do Sudoeste,PR,,Deficiente de dados,#808080
2231,Vertebrado marinho,Nova Fátima,PR,,Deficiente de dados,#808080
2232,Vertebrado marinho,Nova Laranjeiras,PR,,Deficiente de dados,#808080
2233,Vertebrado marinho,Nova Londrina,PR,,Deficiente de dados,#808080
2234,Vertebrado marinho,Nova Olímpia,PR,,Deficiente de dados,#808080
2235,Vertebrado marinho,Nova Santa Bárbara,PR,,Deficiente de dados,#808080
2236,Vertebrado marinho,Nova Santa Rosa,PR,,Deficiente de dados,#808080
2237,Vertebrado marinho,Nova Prata Do Iguaçu,PR,,Deficiente de dados,#808080
2238,Vertebrado marinho,Nova Tebas,PR,,Deficiente de dados,#808080
2239,Vertebrado marinho,Novo Itacolomi,PR,,Deficiente de dados,#808080
2240,Vertebrado marinho,Ortigueira,PR,,Deficiente de dados,#808080
2241,Vertebrado marinho,Ourizona,PR,,Deficiente de dados,#808080
2242,Vertebrado marinho,Ouro Verde Do Oeste,PR,,Deficiente de dados,#808080
2243,Vertebrado marinho,Paiçandu,PR,,Deficiente de dados,#808080
2244,Vertebrado marinho,Palmas,PR,,Deficiente de dados,#808080
2245,Vertebrado marinho,Palmeira,PR,,Deficiente de dados,#808080
2246,Vertebrado marinho,Palmital,PR,,Deficiente de dados,#808080
2247,Vertebrado marinho,Palotina,PR,,Deficiente de dados,#808080
2248,Vertebrado marinho,Paraíso Do Norte,PR,,Deficiente de dados,#808080
2249,Vertebrado marinho,Paranacity,PR,,Deficiente de dados,#808080
2250,Vertebrado marinho,Paranapoema,PR,,Deficiente de dados,#808080
2251,Vertebrado marinho,Paranavaí,PR,,Deficiente de dados,#808080
2252,Vertebrado marinho,Pato Bragado,PR,,Deficiente de dados,#808080
2253,Vertebrado marinho,Pato Branco,PR,,Deficiente de dados,#808080
2254,Vertebrado marinho,Paula Freitas,PR,,Deficiente de dados,#808080
2255,Vertebrado marinho,Paulo Frontin,PR,,Deficiente de dados,#808080
2256,Vertebrado marinho,Peabiru,PR,,Deficiente de dados,#808080
2257,Vertebrado marinho,Perobal,PR,,Deficiente de dados,#808080
2258,Vertebrado marinho,Pérola,PR,,Deficiente de dados,#808080
2259,Vertebrado marinho,Pérola D'oeste,PR,,Deficiente de dados,#808080
2260,Vertebrado marinho,Piên,PR,,Deficiente de dados,#808080
2261,Vertebrado marinho,Pinhais,PR,,Deficiente de dados,#808080
2262,Vertebrado marinho,Pinhalão,PR,,Deficiente de dados,#808080
2263,Vertebrado marinho,Pinhal De São Bento,PR,,Deficiente de dados,#808080
2264,Vertebrado marinho,Pinhão,PR,,Deficiente de dados,#808080
2265,Vertebrado marinho,Piraí Do Sul,PR,,Deficiente de dados,#808080
2266,Vertebrado marinho,Piraquara,PR,,Deficiente de dados,#808080
2267,Vertebrado marinho,Pitanga,PR,,Deficiente de dados,#808080
2268,Vertebrado marinho,Pitangueiras,PR,,Deficiente de dados,#808080
2269,Vertebrado marinho,Planaltina Do Paraná,PR,,Deficiente de dados,#808080
2270,Vertebrado marinho,Planalto,PR,,Deficiente de dados,#808080
2271,Vertebrado marinho,Ponta Grossa,PR,,Deficiente de dados,#808080
2272,Vertebrado marinho,Porecatu,PR,,Deficiente de dados,#808080
2273,Vertebrado marinho,Porto Amazonas,PR,,Deficiente de dados,#808080
2274,Vertebrado marinho,Porto Barreiro,PR,,Deficiente de dados,#808080
2275,Vertebrado marinho,Porto Rico,PR,,Deficiente de dados,#808080
2276,Vertebrado marinho,Porto Vitória,PR,,Deficiente de dados,#808080
2277,Vertebrado marinho,Prado Ferreira,PR,,Deficiente de dados,#808080
2278,Vertebrado marinho,Pranchita,PR,,Deficiente de dados,#808080
2279,Vertebrado marinho,Presidente Castelo Branco,PR,,Deficiente de dados,#808080
2280,Vertebrado marinho,Primeiro De Maio,PR,,Deficiente de dados,#808080
2281,Vertebrado marinho,Prudentópolis,PR,,Deficiente de dados,#808080
2282,Vertebrado marinho,Quarto Centenário,PR,,Deficiente de dados,#808080
2283,Vertebrado marinho,Quatiguá,PR,,Deficiente de dados,#808080
2284,Vertebrado marinho,Quatro Barras,PR,,Deficiente de dados,#808080
2285,Vertebrado marinho,Quatro Pontes,PR,,Deficiente de dados,#808080
2286,Vertebrado marinho,Quedas Do Iguaçu,PR,,Deficiente de dados,#808080
2287,Vertebrado marinho,Querência Do Norte,PR,,Deficiente de dados,#808080
2288,Vertebrado marinho,Quinta Do Sol,PR,,Deficiente de dados,#808080
2289,Vertebrado marinho,Quitandinha,PR,,Deficiente de dados,#808080
2290,Vertebrado marinho,Ramilândia,PR,,Deficiente de dados,#808080
2291,Vertebrado marinho,Rancho Alegre,PR,,Deficiente de dados,#808080
2292,Vertebrado marinho,Rancho Alegre D'oeste,PR,,Deficiente de dados,#808080
2293,Vertebrado marinho,Realeza,PR,,Deficiente de dados,#808080
2294,Vertebrado marinho,Rebouças,PR,,Deficiente de dados,#808080
2295,Vertebrado marinho,Renascença,PR,,Deficiente de dados,#808080
2296,Vertebrado marinho,Reserva,PR,,Deficiente de dados,#808080
2297,Vertebrado marinho,Reserva Do Iguaçu,PR,,Deficiente de dados,#808080
2298,Vertebrado marinho,Ribeirão Claro,PR,,Deficiente de dados,#808080
2299,Vertebrado marinho,Ribeirão Do Pinhal,PR,,Deficiente de dados,#808080
2300,Vertebrado marinho,Rio Azul,PR,,Deficiente de dados,#808080
2301,Vertebrado marinho,Rio Bom,PR,,Deficiente de dados,#808080
2302,Vertebrado marinho,Rio Bonito Do Iguaçu,PR,,Deficiente de dados,#808080
2303,Vertebrado marinho,Rio Branco Do Ivaí,PR,,Deficiente de dados,#808080
2304,Vertebrado marinho,Rio Branco Do Sul,PR,,Deficiente de dados,#808080
2305,Vertebrado marinho,Rio Negro,PR,,Deficiente de dados,#808080
2306,Vertebrado marinho,Rolândia,PR,,Deficiente de dados,#808080
2307,Vertebrado marinho,Roncador,PR,,Deficiente de dados,#808080
2308,Vertebrado marinho,Rondon,PR,,Deficiente de dados,#808080
2309,Vertebrado marinho,Rosário Do Ivaí,PR,,Deficiente de dados,#808080
2310,Vertebrado marinho,Sabáudia,PR,,Deficiente de dados,#808080
2311,Vertebrado marinho,Salgado Filho,PR,,Deficiente de dados,#808080
2312,Vertebrado marinho,Salto Do Itararé,PR,,Deficiente de dados,#808080
2313,Vertebrado marinho,Salto Do Lontra,PR,,Deficiente de dados,#808080
2314,Vertebrado marinho,Santa Amélia,PR,,Deficiente de dados,#808080
2315,Vertebrado marinho,Santa Cecília Do Pavão,PR,,Deficiente de dados,#808080
2316,Vertebrado marinho,Santa Cruz De Monte Castelo,PR,,Deficiente de dados,#808080
2317,Vertebrado marinho,Santa Fé,PR,,Deficiente de dados,#808080
2318,Vertebrado marinho,Santa Helena,PR,,Deficiente de dados,#808080
2319,Vertebrado marinho,Santa Inês,PR,,Deficiente de dados,#808080
2320,Vertebrado marinho,Santa Isabel Do Ivaí,PR,,Deficiente de dados,#808080
2321,Vertebrado marinho,Santa Izabel Do Oeste,PR,,Deficiente de dados,#808080
2322,Vertebrado marinho,Santa Lúcia,PR,,Deficiente de dados,#808080
2323,Vertebrado marinho,Santa Maria Do Oeste,PR,,Deficiente de dados,#808080
2324,Vertebrado marinho,Santa Mariana,PR,,Deficiente de dados,#808080
2325,Vertebrado marinho,Santa Mônica,PR,,Deficiente de dados,#808080
2326,Vertebrado marinho,Santana Do Itararé,PR,,Deficiente de dados,#808080
2327,Vertebrado marinho,Santa Tereza Do Oeste,PR,,Deficiente de dados,#808080
2328,Vertebrado marinho,Santa Terezinha De Itaipu,PR,,Deficiente de dados,#808080
2329,Vertebrado marinho,Santo Antônio Da Platina,PR,,Deficiente de dados,#808080
2330,Vertebrado marinho,Santo Antônio Do Caiuá,PR,,Deficiente de dados,#808080
2331,Vertebrado marinho,Santo Antônio Do Paraíso,PR,,Deficiente de dados,#808080
2332,Vertebrado marinho,Santo Antônio Do Sudoeste,PR,,Deficiente de dados,#808080
2333,Vertebrado marinho,Santo Inácio,PR,,Deficiente de dados,#808080
2334,Vertebrado marinho,São Carlos Do Ivaí,PR,,Deficiente de dados,#808080
2335,Vertebrado marinho,São Jerônimo Da Serra,PR,,Deficiente de dados,#808080
2336,Vertebrado marinho,São João,PR,,Deficiente de dados,#808080
2337,Vertebrado marinho,São João Do Caiuá,PR,,Deficiente de dados,#808080
2338,Vertebrado marinho,São João Do Ivaí,PR,,Deficiente de dados,#808080
2339,Vertebrado marinho,São João Do Triunfo,PR,,Deficiente de dados,#808080
2340,Vertebrado marinho,São Jorge D'oeste,PR,,Deficiente de dados,#808080
2341,Vertebrado marinho,São Jorge Do Ivaí,PR,,Deficiente de dados,#808080
2342,Vertebrado marinho,São Jorge Do Patrocínio,PR,,Deficiente de dados,#808080
2343,Vertebrado marinho,São José Da Boa Vista,PR,,Deficiente de dados,#808080
2344,Vertebrado marinho,São José Das Palmeiras,PR,,Deficiente de dados,#808080
2345,Vertebrado marinho,São José Dos Pinhais,PR,,Deficiente de dados,#808080
2346,Vertebrado marinho,São Manoel Do Paraná,PR,,Deficiente de dados,#808080
2347,Vertebrado marinho,São Mateus Do Sul,PR,,Deficiente de dados,#808080
2348,Vertebrado marinho,São Miguel Do Iguaçu,PR,,Deficiente de dados,#808080
2349,Vertebrado marinho,São Pedro Do Iguaçu,PR,,Deficiente de dados,#808080
2350,Vertebrado marinho,São Pedro Do Ivaí,PR,,Deficiente de dados,#808080
2351,Vertebrado marinho,São Pedro Do Paraná,PR,,Deficiente de dados,#808080
2352,Vertebrado marinho,São Sebastião Da Amoreira,PR,,Deficiente de dados,#808080
2353,Vertebrado marinho,São Tomé,PR,,Deficiente de dados,#808080
2354,Vertebrado marinho,Sapopema,PR,,Deficiente de dados,#808080
2355,Vertebrado marinho,Sarandi,PR,,Deficiente de dados,#808080
2356,Vertebrado marinho,Saudade Do Iguaçu,PR,,Deficiente de dados,#808080
2357,Vertebrado marinho,Sengés,PR,,Deficiente de dados,#808080
2358,Vertebrado marinho,Serranópolis Do Iguaçu,PR,,Deficiente de dados,#808080
2359,Vertebrado marinho,Sertaneja,PR,,Deficiente de dados,#808080
2360,Vertebrado marinho,Sertanópolis,PR,,Deficiente de dados,#808080
2361,Vertebrado marinho,Siqueira Campos,PR,,Deficiente de dados,#808080
2362,Vertebrado marinho,Sulina,PR,,Deficiente de dados,#808080
2363,Vertebrado marinho,Tamarana,PR,,Deficiente de dados,#808080
2364,Vertebrado marinho,Tamboara,PR,,Deficiente de dados,#808080
2365,Vertebrado marinho,Tapejara,PR,,Deficiente de dados,#808080
2366,Vertebrado marinho,Tapira,PR,,Deficiente de dados,#808080
2367,Vertebrado marinho,Teixeira Soares,PR,,Deficiente de dados,#808080
2368,Vertebrado marinho,Telêmaco Borba,PR,,Deficiente de dados,#808080
2369,Vertebrado marinho,Terra Boa,PR,,Deficiente de dados,#808080
2370,Vertebrado marinho,Terra Rica,PR,,Deficiente de dados,#808080
2371,Vertebrado marinho,Terra Roxa,PR,,Deficiente de dados,#808080
2372,Vertebrado marinho,Tibagi,PR,,Deficiente de dados,#808080
2373,Vertebrado marinho,Tijucas Do Sul,PR,,Deficiente de dados,#808080
2374,Vertebrado marinho,Toledo,PR,,Deficiente de dados,#808080
2375,Vertebrado marinho,Tomazina,PR,,Deficiente de dados,#808080
2376,Vertebrado marinho,Três Barras Do Paraná,PR,,Deficiente de dados,#808080
2377,Vertebrado marinho,Tunas Do Paraná,PR,,Deficiente de dados,#808080
2378,Vertebrado marinho,Tuneiras Do Oeste,PR,,Deficiente de dados,#808080
2379,Vertebrado marinho,Tupãssi,PR,,Deficiente de dados,#808080
2380,Vertebrado marinho,Turvo,PR,,Deficiente de dados,#808080
2381,Vertebrado marinho,Ubiratã,PR,,Deficiente de dados,#808080
2382,Vertebrado marinho,Umuarama,PR,,Deficiente de dados,#808080
2383,Vertebrado marinho,União Da Vitória,PR,,Deficiente de dados,#808080
2384,Vertebrado marinho,Uniflor,PR,,Deficiente de dados,#808080
2385,Vertebrado marinho,Uraí,PR,,Deficiente de dados,#808080
2386,Vertebrado marinho,Wenceslau Braz,PR,,Deficiente de dados,#808080
2387,Vertebrado marinho,Ventania,PR,,Deficiente de dados,#808080
2388,Vertebrado marinho,Vera Cruz Do Oeste,PR,,Deficiente de dados,#808080
2389,Vertebrado marinho,Verê,PR,,Deficiente de dados,#808080
2390,Vertebrado marinho,Alto Paraíso,PR,,Deficiente de dados,#808080
2391,Vertebrado marinho,Doutor Ulysses,PR,,Deficiente de dados,#808080
2392,Vertebrado marinho,Virmond,PR,,Deficiente de dados,#808080
2393,Vertebrado marinho,Vitorino,PR,,Deficiente de dados,#808080
2394,Vertebrado marinho,Xambrê,PR,,Deficiente de dados,#808080
2395,Microalga,Antonina,PR,2,Baixo,#f9f871
2396,Microalga,Campina Grande Do Sul,PR,2,Baixo,#f9f871
2397,Microalga,Campo Largo,PR,1,Muito Baixo,#00a6ca
2398,Microalga,Campo Magro,PR,4,Alto,#ff7a43
2399,Microalga,Curitiba,PR,3,Médio,#ffc44d
2400,Microalga,Itapejara D'oeste,PR,4,Alto,#ff7a43
2401,Microalga,Londrina,PR,1,Muito Baixo,#00a6ca
2402,Microalga,Paranaguá,PR,3,Médio,#ffc44d
2403,Microalga,Ponta Grossa,PR,1,Muito Baixo,#00a6ca
2404,Microalga,Porto Rico,PR,5,Muito Alto,#d11a2a
2405,Microalga,São José Dos Pinhais,PR,2,Baixo,#f9f871
2406,Microalga,São Pedro Do Paraná,PR,5,Muito Alto,#d11a2a
2407,Microalga,Abatiá,PR,,Deficiente de dados,#808080
2408,Microalga,Adrianópolis,PR,,Deficiente de dados,#808080
2409,Microalga,Agudos Do Sul,PR,,Deficiente de dados,#808080
2410,Microalga,Almirante Tamandaré,PR,,Deficiente de dados,#808080
2411,Microalga,Altamira Do Paraná,PR,,Deficiente de dados,#808080
2412,Microalga,Altônia,PR,,Deficiente de dados,#808080
2413,Microalga,Alto Paraná,PR,,Deficiente de dados,#808080
2414,Microalga,Alto Piquiri,PR,,Deficiente de dados,#808080
2415,Microalga,Alvorada Do Sul,PR,,Deficiente de dados,#808080
2416,Microalga,Amaporã,PR,,Deficiente de dados,#808080
2417,Microalga,Ampére,PR,,Deficiente de dados,#808080
2418,Microalga,Anahy,PR,,Deficiente de dados,#808080
2419,Microalga,Andirá,PR,,Deficiente de dados,#808080
2420,Microalga,Ângulo,PR,,Deficiente de dados,#808080
2421,Microalga,Antônio Olinto,PR,,Deficiente de dados,#808080
2422,Microalga,Apucarana,PR,,Deficiente de dados,#808080
2423,Microalga,Arapongas,PR,,Deficiente de dados,#808080
2424,Microalga,Arapoti,PR,,Deficiente de dados,#808080
2425,Microalga,Arapuã,PR,,Deficiente de dados,#808080
2426,Microalga,Araruna,PR,,Deficiente de dados,#808080
2427,Microalga,Araucária,PR,,Deficiente de dados,#808080
2428,Microalga,Ariranha Do Ivaí,PR,,Deficiente de dados,#808080
2429,Microalga,Assaí,PR,,Deficiente de dados,#808080
2430,Microalga,Assis Chateaubriand,PR,,Deficiente de dados,#808080
2431,Microalga,Astorga,PR,,Deficiente de dados,#808080
2432,Microalga,Atalaia,PR,,Deficiente de dados,#808080
2433,Microalga,Balsa Nova,PR,,Deficiente de dados,#808080
2434,Microalga,Bandeirantes,PR,,Deficiente de dados,#808080
2435,Microalga,Barbosa Ferraz,PR,,Deficiente de dados,#808080
2436,Microalga,Barracão,PR,,Deficiente de dados,#808080
2437,Microalga,Barra Do Jacaré,PR,,Deficiente de dados,#808080
2438,Microalga,Bela Vista Da Caroba,PR,,Deficiente de dados,#808080
2439,Microalga,Bela Vista Do Paraíso,PR,,Deficiente de dados,#808080
2440,Microalga,Bituruna,PR,,Deficiente de dados,#808080
2441,Microalga,Boa Esperança,PR,,Deficiente de dados,#808080
2442,Microalga,Boa Esperança Do Iguaçu,PR,,Deficiente de dados,#808080
2443,Microalga,Boa Ventura De São Roque,PR,,Deficiente de dados,#808080
2444,Microalga,Boa Vista Da Aparecida,PR,,Deficiente de dados,#808080
2445,Microalga,Bocaiúva Do Sul,PR,,Deficiente de dados,#808080
2446,Microalga,Bom Jesus Do Sul,PR,,Deficiente de dados,#808080
2447,Microalga,Bom Sucesso,PR,,Deficiente de dados,#808080
2448,Microalga,Bom Sucesso Do Sul,PR,,Deficiente de dados,#808080
2449,Microalga,Borrazópolis,PR,,Deficiente de dados,#808080
2450,Microalga,Braganey,PR,,Deficiente de dados,#808080
2451,Microalga,Brasilândia Do Sul,PR,,Deficiente de dados,#808080
2452,Microalga,Cafeara,PR,,Deficiente de dados,#808080
2453,Microalga,Cafelândia,PR,,Deficiente de dados,#808080
2454,Microalga,Cafezal Do Sul,PR,,Deficiente de dados,#808080
2455,Microalga,Califórnia,PR,,Deficiente de dados,#808080
2456,Microalga,Cambará,PR,,Deficiente de dados,#808080
2457,Microalga,Cambé,PR,,Deficiente de dados,#808080
2458,Microalga,Cambira,PR,,Deficiente de dados,#808080
2459,Microalga,Campina Da Lagoa,PR,,Deficiente de dados,#808080
2460,Microalga,Campina Do Simão,PR,,Deficiente de dados,#808080
2461,Microalga,Campo Bonito,PR,,Deficiente de dados,#808080
2462,Microalga,Campo Do Tenente,PR,,Deficiente de dados,#808080
2463,Microalga,Campo Mourão,PR,,Deficiente de dados,#808080
2464,Microalga,Cândido De Abreu,PR,,Deficiente de dados,#808080
2465,Microalga,Candói,PR,,Deficiente de dados,#808080
2466,Microalga,Cantagalo,PR,,Deficiente de dados,#808080
2467,Microalga,Capanema,PR,,Deficiente de dados,#808080
2468,Microalga,Capitão Leônidas Marques,PR,,Deficiente de dados,#808080
2469,Microalga,Carambeí,PR,,Deficiente de dados,#808080
2470,Microalga,Carlópolis,PR,,Deficiente de dados,#808080
2471,Microalga,Cascavel,PR,,Deficiente de dados,#808080
2472,Microalga,Castro,PR,,Deficiente de dados,#808080
2473,Microalga,Catanduvas,PR,,Deficiente de dados,#808080
2474,Microalga,Centenário Do Sul,PR,,Deficiente de dados,#808080
2475,Microalga,Cerro Azul,PR,,Deficiente de dados,#808080
2476,Microalga,Céu Azul,PR,,Deficiente de dados,#808080
2477,Microalga,Chopinzinho,PR,,Deficiente de dados,#808080
2478,Microalga,Cianorte,PR,,Deficiente de dados,#808080
2479,Microalga,Cidade Gaúcha,PR,,Deficiente de dados,#808080
2480,Microalga,Clevelândia,PR,,Deficiente de dados,#808080
2481,Microalga,Colombo,PR,,Deficiente de dados,#808080
2482,Microalga,Colorado,PR,,Deficiente de dados,#808080
2483,Microalga,Congonhinhas,PR,,Deficiente de dados,#808080
2484,Microalga,Conselheiro Mairinck,PR,,Deficiente de dados,#808080
2485,Microalga,Contenda,PR,,Deficiente de dados,#808080
2486,Microalga,Corbélia,PR,,Deficiente de dados,#808080
2487,Microalga,Cornélio Procópio,PR,,Deficiente de dados,#808080
2488,Microalga,Coronel Domingos Soares,PR,,Deficiente de dados,#808080
2489,Microalga,Coronel Vivida,PR,,Deficiente de dados,#808080
2490,Microalga,Corumbataí Do Sul,PR,,Deficiente de dados,#808080
2491,Microalga,Cruzeiro Do Iguaçu,PR,,Deficiente de dados,#808080
2492,Microalga,Cruzeiro Do Oeste,PR,,Deficiente de dados,#808080
2493,Microalga,Cruzeiro Do Sul,PR,,Deficiente de dados,#808080
2494,Microalga,Cruz Machado,PR,,Deficiente de dados,#808080
2495,Microalga,Cruzmaltina,PR,,Deficiente de dados,#808080
2496,Microalga,Curiúva,PR,,Deficiente de dados,#808080
2497,Microalga,Diamante Do Norte,PR,,Deficiente de dados,#808080
2498,Microalga,Diamante Do Sul,PR,,Deficiente de dados,#808080
2499,Microalga,Diamante D'oeste,PR,,Deficiente de dados,#808080
2500,Microalga,Dois Vizinhos,PR,,Deficiente de dados,#808080
2501,Microalga,Douradina,PR,,Deficiente de dados,#808080
2502,Microalga,Doutor Camargo,PR,,Deficiente de dados,#808080
2503,Microalga,Enéas Marques,PR,,Deficiente de dados,#808080
2504,Microalga,Engenheiro Beltrão,PR,,Deficiente de dados,#808080
2505,Microalga,Esperança Nova,PR,,Deficiente de dados,#808080
2506,Microalga,Entre Rios Do Oeste,PR,,Deficiente de dados,#808080
2507,Microalga,Espigão Alto Do Iguaçu,PR,,Deficiente de dados,#808080
2508,Microalga,Farol,PR,,Deficiente de dados,#808080
2509,Microalga,Faxinal,PR,,Deficiente de dados,#808080
2510,Microalga,Fazenda Rio Grande,PR,,Deficiente de dados,#808080
2511,Microalga,Fênix,PR,,Deficiente de dados,#808080
2512,Microalga,Fernandes Pinheiro,PR,,Deficiente de dados,#808080
2513,Microalga,Figueira,PR,,Deficiente de dados,#808080
2514,Microalga,Floraí,PR,,Deficiente de dados,#808080
2515,Microalga,Flor Da Serra Do Sul,PR,,Deficiente de dados,#808080
2516,Microalga,Floresta,PR,,Deficiente de dados,#808080
2517,Microalga,Florestópolis,PR,,Deficiente de dados,#808080
2518,Microalga,Flórida,PR,,Deficiente de dados,#808080
2519,Microalga,Formosa Do Oeste,PR,,Deficiente de dados,#808080
2520,Microalga,Foz Do Iguaçu,PR,,Deficiente de dados,#808080
2521,Microalga,Francisco Alves,PR,,Deficiente de dados,#808080
2522,Microalga,Francisco Beltrão,PR,,Deficiente de dados,#808080
2523,Microalga,Foz Do Jordão,PR,,Deficiente de dados,#808080
2524,Microalga,General Carneiro,PR,,Deficiente de dados,#808080
2525,Microalga,Godoy Moreira,PR,,Deficiente de dados,#808080
2526,Microalga,Goioerê,PR,,Deficiente de dados,#808080
2527,Microalga,Goioxim,PR,,Deficiente de dados,#808080
2528,Microalga,Grandes Rios,PR,,Deficiente de dados,#808080
2529,Microalga,Guaíra,PR,,Deficiente de dados,#808080
2530,Microalga,Guairaçá,PR,,Deficiente de dados,#808080
2531,Microalga,Guamiranga,PR,,Deficiente de dados,#808080
2532,Microalga,Guapirama,PR,,Deficiente de dados,#808080
2533,Microalga,Guaporema,PR,,Deficiente de dados,#808080
2534,Microalga,Guaraci,PR,,Deficiente de dados,#808080
2535,Microalga,Guaraniaçu,PR,,Deficiente de dados,#808080
2536,Microalga,Guarapuava,PR,,Deficiente de dados,#808080
2537,Microalga,Guaraqueçaba,PR,,Deficiente de dados,#808080
2538,Microalga,Guaratuba,PR,,Deficiente de dados,#808080
2539,Microalga,Honório Serpa,PR,,Deficiente de dados,#808080
2540,Microalga,Ibaiti,PR,,Deficiente de dados,#808080
2541,Microalga,Ibema,PR,,Deficiente de dados,#808080
2542,Microalga,Ibiporã,PR,,Deficiente de dados,#808080
2543,Microalga,Icaraíma,PR,,Deficiente de dados,#808080
2544,Microalga,Iguaraçu,PR,,Deficiente de dados,#808080
2545,Microalga,Iguatu,PR,,Deficiente de dados,#808080
2546,Microalga,Imbaú,PR,,Deficiente de dados,#808080
2547,Microalga,Imbituva,PR,,Deficiente de dados,#808080
2548,Microalga,Inácio Martins,PR,,Deficiente de dados,#808080
2549,Microalga,Inajá,PR,,Deficiente de dados,#808080
2550,Microalga,Indianópolis,PR,,Deficiente de dados,#808080
2551,Microalga,Ipiranga,PR,,Deficiente de dados,#808080
2552,Microalga,Iporã,PR,,Deficiente de dados,#808080
2553,Microalga,Iracema Do Oeste,PR,,Deficiente de dados,#808080
2554,Microalga,Irati,PR,,Deficiente de dados,#808080
2555,Microalga,Iretama,PR,,Deficiente de dados,#808080
2556,Microalga,Itaguajé,PR,,Deficiente de dados,#808080
2557,Microalga,Itaipulândia,PR,,Deficiente de dados,#808080
2558,Microalga,Itambaracá,PR,,Deficiente de dados,#808080
2559,Microalga,Itambé,PR,,Deficiente de dados,#808080
2560,Microalga,Itaperuçu,PR,,Deficiente de dados,#808080
2561,Microalga,Itaúna Do Sul,PR,,Deficiente de dados,#808080
2562,Microalga,Ivaí,PR,,Deficiente de dados,#808080
2563,Microalga,Ivaiporã,PR,,Deficiente de dados,#808080
2564,Microalga,Ivaté,PR,,Deficiente de dados,#808080
2565,Microalga,Ivatuba,PR,,Deficiente de dados,#808080
2566,Microalga,Jaboti,PR,,Deficiente de dados,#808080
2567,Microalga,Jacarezinho,PR,,Deficiente de dados,#808080
2568,Microalga,Jaguapitã,PR,,Deficiente de dados,#808080
2569,Microalga,Jaguariaíva,PR,,Deficiente de dados,#808080
2570,Microalga,Jandaia Do Sul,PR,,Deficiente de dados,#808080
2571,Microalga,Janiópolis,PR,,Deficiente de dados,#808080
2572,Microalga,Japira,PR,,Deficiente de dados,#808080
2573,Microalga,Japurá,PR,,Deficiente de dados,#808080
2574,Microalga,Jardim Alegre,PR,,Deficiente de dados,#808080
2575,Microalga,Jardim Olinda,PR,,Deficiente de dados,#808080
2576,Microalga,Jataizinho,PR,,Deficiente de dados,#808080
2577,Microalga,Jesuítas,PR,,Deficiente de dados,#808080
2578,Microalga,Joaquim Távora,PR,,Deficiente de dados,#808080
2579,Microalga,Jundiaí Do Sul,PR,,Deficiente de dados,#808080
2580,Microalga,Juranda,PR,,Deficiente de dados,#808080
2581,Microalga,Jussara,PR,,Deficiente de dados,#808080
2582,Microalga,Kaloré,PR,,Deficiente de dados,#808080
2583,Microalga,Lapa,PR,,Deficiente de dados,#808080
2584,Microalga,Laranjal,PR,,Deficiente de dados,#808080
2585,Microalga,Laranjeiras Do Sul,PR,,Deficiente de dados,#808080
2586,Microalga,Leópolis,PR,,Deficiente de dados,#808080
2587,Microalga,Lidianópolis,PR,,Deficiente de dados,#808080
2588,Microalga,Lindoeste,PR,,Deficiente de dados,#808080
2589,Microalga,Loanda,PR,,Deficiente de dados,#808080
2590,Microalga,Lobato,PR,,Deficiente de dados,#808080
2591,Microalga,Luiziana,PR,,Deficiente de dados,#808080
2592,Microalga,Lunardelli,PR,,Deficiente de dados,#808080
2593,Microalga,Lupionópolis,PR,,Deficiente de dados,#808080
2594,Microalga,Mallet,PR,,Deficiente de dados,#808080
2595,Microalga,Mamborê,PR,,Deficiente de dados,#808080
2596,Microalga,Mandaguaçu,PR,,Deficiente de dados,#808080
2597,Microalga,Mandaguari,PR,,Deficiente de dados,#808080
2598,Microalga,Mandirituba,PR,,Deficiente de dados,#808080
2599,Microalga,Manfrinópolis,PR,,Deficiente de dados,#808080
2600,Microalga,Mangueirinha,PR,,Deficiente de dados,#808080
2601,Microalga,Manoel Ribas,PR,,Deficiente de dados,#808080
2602,Microalga,Marechal Cândido Rondon,PR,,Deficiente de dados,#808080
2603,Microalga,Maria Helena,PR,,Deficiente de dados,#808080
2604,Microalga,Marialva,PR,,Deficiente de dados,#808080
2605,Microalga,Marilândia Do Sul,PR,,Deficiente de dados,#808080
2606,Microalga,Marilena,PR,,Deficiente de dados,#808080
2607,Microalga,Mariluz,PR,,Deficiente de dados,#808080
2608,Microalga,Maringá,PR,,Deficiente de dados,#808080
2609,Microalga,Mariópolis,PR,,Deficiente de dados,#808080
2610,Microalga,Maripá,PR,,Deficiente de dados,#808080
2611,Microalga,Marmeleiro,PR,,Deficiente de dados,#808080
2612,Microalga,Marquinho,PR,,Deficiente de dados,#808080
2613,Microalga,Marumbi,PR,,Deficiente de dados,#808080
2614,Microalga,Matelândia,PR,,Deficiente de dados,#808080
2615,Microalga,Matinhos,PR,,Deficiente de dados,#808080
2616,Microalga,Mato Rico,PR,,Deficiente de dados,#808080
2617,Microalga,Mauá Da Serra,PR,,Deficiente de dados,#808080
2618,Microalga,Medianeira,PR,,Deficiente de dados,#808080
2619,Microalga,Mercedes,PR,,Deficiente de dados,#808080
2620,Microalga,Mirador,PR,,Deficiente de dados,#808080
2621,Microalga,Miraselva,PR,,Deficiente de dados,#808080
2622,Microalga,Missal,PR,,Deficiente de dados,#808080
2623,Microalga,Moreira Sales,PR,,Deficiente de dados,#808080
2624,Microalga,Morretes,PR,,Deficiente de dados,#808080
2625,Microalga,Munhoz De Melo,PR,,Deficiente de dados,#808080
2626,Microalga,Nossa Senhora Das Graças,PR,,Deficiente de dados,#808080
2627,Microalga,Nova Aliança Do Ivaí,PR,,Deficiente de dados,#808080
2628,Microalga,Nova América Da Colina,PR,,Deficiente de dados,#808080
2629,Microalga,Nova Aurora,PR,,Deficiente de dados,#808080
2630,Microalga,Nova Cantu,PR,,Deficiente de dados,#808080
2631,Microalga,Nova Esperança,PR,,Deficiente de dados,#808080
2632,Microalga,Nova Esperança Do Sudoeste,PR,,Deficiente de dados,#808080
2633,Microalga,Nova Fátima,PR,,Deficiente de dados,#808080
2634,Microalga,Nova Laranjeiras,PR,,Deficiente de dados,#808080
2635,Microalga,Nova Londrina,PR,,Deficiente de dados,#808080
2636,Microalga,Nova Olímpia,PR,,Deficiente de dados,#808080
2637,Microalga,Nova Santa Bárbara,PR,,Deficiente de dados,#808080
2638,Microalga,Nova Santa Rosa,PR,,Deficiente de dados,#808080
2639,Microalga,Nova Prata Do Iguaçu,PR,,Deficiente de dados,#808080
2640,Microalga,Nova Tebas,PR,,Deficiente de dados,#808080
2641,Microalga,Novo Itacolomi,PR,,Deficiente de dados,#808080
2642,Microalga,Ortigueira,PR,,Deficiente de dados,#808080
2643,Microalga,Ourizona,PR,,Deficiente de dados,#808080
2644,Microalga,Ouro Verde Do Oeste,PR,,Deficiente de dados,#808080
2645,Microalga,Paiçandu,PR,,Deficiente de dados,#808080
2646,Microalga,Palmas,PR,,Deficiente de dados,#808080
2647,Microalga,Palmeira,PR,,Deficiente de dados,#808080
2648,Microalga,Palmital,PR,,Deficiente de dados,#808080
2649,Microalga,Palotina,PR,,Deficiente de dados,#808080
2650,Microalga,Paraíso Do Norte,PR,,Deficiente de dados,#808080
2651,Microalga,Paranacity,PR,,Deficiente de dados,#808080
2652,Microalga,Paranapoema,PR,,Deficiente de dados,#808080
2653,Microalga,Paranavaí,PR,,Deficiente de dados,#808080
2654,Microalga,Pato Bragado,PR,,Deficiente de dados,#808080
2655,Microalga,Pato Branco,PR,,Deficiente de dados,#808080
2656,Microalga,Paula Freitas,PR,,Deficiente de dados,#808080
2657,Microalga,Paulo Frontin,PR,,Deficiente de dados,#808080
2658,Microalga,Peabiru,PR,,Deficiente de dados,#808080
2659,Microalga,Perobal,PR,,Deficiente de dados,#808080
2660,Microalga,Pérola,PR,,Deficiente de dados,#808080
2661,Microalga,Pérola D'oeste,PR,,Deficiente de dados,#808080
2662,Microalga,Piên,PR,,Deficiente de dados,#808080
2663,Microalga,Pinhais,PR,,Deficiente de dados,#808080
2664,Microalga,Pinhalão,PR,,Deficiente de dados,#808080
2665,Microalga,Pinhal De São Bento,PR,,Deficiente de dados,#808080
2666,Microalga,Pinhão,PR,,Deficiente de dados,#808080
2667,Microalga,Piraí Do Sul,PR,,Deficiente de dados,#808080
2668,Microalga,Piraquara,PR,,Deficiente de dados,#808080
2669,Microalga,Pitanga,PR,,Deficiente de dados,#808080
2670,Microalga,Pitangueiras,PR,,Deficiente de dados,#808080
2671,Microalga,Planaltina Do Paraná,PR,,Deficiente de dados,#808080
2672,Microalga,Planalto,PR,,Deficiente de dados,#808080
2673,Microalga,Pontal Do Paraná,PR,,Deficiente de dados,#808080
2674,Microalga,Porecatu,PR,,Deficiente de dados,#808080
2675,Microalga,Porto Amazonas,PR,,Deficiente de dados,#808080
2676,Microalga,Porto Barreiro,PR,,Deficiente de dados,#808080
2677,Microalga,Porto Vitória,PR,,Deficiente de dados,#808080
2678,Microalga,Prado Ferreira,PR,,Deficiente de dados,#808080
2679,Microalga,Pranchita,PR,,Deficiente de dados,#808080
2680,Microalga,Presidente Castelo Branco,PR,,Deficiente de dados,#808080
2681,Microalga,Primeiro De Maio,PR,,Deficiente de dados,#808080
2682,Microalga,Prudentópolis,PR,,Deficiente de dados,#808080
2683,Microalga,Quarto Centenário,PR,,Deficiente de dados,#808080
2684,Microalga,Quatiguá,PR,,Deficiente de dados,#808080
2685,Microalga,Quatro Barras,PR,,Deficiente de dados,#808080
2686,Microalga,Quatro Pontes,PR,,Deficiente de dados,#808080
2687,Microalga,Quedas Do Iguaçu,PR,,Deficiente de dados,#808080
2688,Microalga,Querência Do Norte,PR,,Deficiente de dados,#808080
2689,Microalga,Quinta Do Sol,PR,,Deficiente de dados,#808080
2690,Microalga,Quitandinha,PR,,Deficiente de dados,#808080
2691,Microalga,Ramilândia,PR,,Deficiente de dados,#808080
2692,Microalga,Rancho Alegre,PR,,Deficiente de dados,#808080
2693,Microalga,Rancho Alegre D'oeste,PR,,Deficiente de dados,#808080
2694,Microalga,Realeza,PR,,Deficiente de dados,#808080
2695,Microalga,Rebouças,PR,,Deficiente de dados,#808080
2696,Microalga,Renascença,PR,,Deficiente de dados,#808080
2697,Microalga,Reserva,PR,,Deficiente de dados,#808080
2698,Microalga,Reserva Do Iguaçu,PR,,Deficiente de dados,#808080
2699,Microalga,Ribeirão Claro,PR,,Deficiente de dados,#808080
2700,Microalga,Ribeirão Do Pinhal,PR,,Deficiente de dados,#808080
2701,Microalga,Rio Azul,PR,,Deficiente de dados,#808080
2702,Microalga,Rio Bom,PR,,Deficiente de dados,#808080
2703,Microalga,Rio Bonito Do Iguaçu,PR,,Deficiente de dados,#808080
2704,Microalga,Rio Branco Do Ivaí,PR,,Deficiente de dados,#808080
2705,Microalga,Rio Branco Do Sul,PR,,Deficiente de dados,#808080
2706,Microalga,Rio Negro,PR,,Deficiente de dados,#808080
2707,Microalga,Rolândia,PR,,Deficiente de dados,#808080
2708,Microalga,Roncador,PR,,Deficiente de dados,#808080
2709,Microalga,Rondon,PR,,Deficiente de dados,#808080
2710,Microalga,Rosário Do Ivaí,PR,,Deficiente de dados,#808080
2711,Microalga,Sabáudia,PR,,Deficiente de dados,#808080
2712,Microalga,Salgado Filho,PR,,Deficiente de dados,#808080
2713,Microalga,Salto Do Itararé,PR,,Deficiente de dados,#808080
2714,Microalga,Salto Do Lontra,PR,,Deficiente de dados,#808080
2715,Microalga,Santa Amélia,PR,,Deficiente de dados,#808080
2716,Microalga,Santa Cecília Do Pavão,PR,,Deficiente de dados,#808080
2717,Microalga,Santa Cruz De Monte Castelo,PR,,Deficiente de dados,#808080
2718,Microalga,Santa Fé,PR,,Deficiente de dados,#808080
2719,Microalga,Santa Helena,PR,,Deficiente de dados,#808080
2720,Microalga,Santa Inês,PR,,Deficiente de dados,#808080
2721,Microalga,Santa Isabel Do Ivaí,PR,,Deficiente de dados,#808080
2722,Microalga,Santa Izabel Do Oeste,PR,,Deficiente de dados,#808080
2723,Microalga,Santa Lúcia,PR,,Deficiente de dados,#808080
2724,Microalga,Santa Maria Do Oeste,PR,,Deficiente de dados,#808080
2725,Microalga,Santa Mariana,PR,,Deficiente de dados,#808080
2726,Microalga,Santa Mônica,PR,,Deficiente de dados,#808080
2727,Microalga,Santana Do Itararé,PR,,Deficiente de dados,#808080
2728,Microalga,Santa Tereza Do Oeste,PR,,Deficiente de dados,#808080
2729,Microalga,Santa Terezinha De Itaipu,PR,,Deficiente de dados,#808080
2730,Microalga,Santo Antônio Da Platina,PR,,Deficiente de dados,#808080
2731,Microalga,Santo Antônio Do Caiuá,PR,,Deficiente de dados,#808080
2732,Microalga,Santo Antônio Do Paraíso,PR,,Deficiente de dados,#808080
2733,Microalga,Santo Antônio Do Sudoeste,PR,,Deficiente de dados,#808080
2734,Microalga,Santo Inácio,PR,,Deficiente de dados,#808080
2735,Microalga,São Carlos Do Ivaí,PR,,Deficiente de dados,#808080
2736,Microalga,São Jerônimo Da Serra,PR,,Deficiente de dados,#808080
2737,Microalga,São João,PR,,Deficiente de dados,#808080
2738,Microalga,São João Do Caiuá,PR,,Deficiente de dados,#808080
2739,Microalga,São João Do Ivaí,PR,,Deficiente de dados,#808080
2740,Microalga,São João Do Triunfo,PR,,Deficiente de dados,#808080
2741,Microalga,São Jorge D'oeste,PR,,Deficiente de dados,#808080
2742,Microalga,São Jorge Do Ivaí,PR,,Deficiente de dados,#808080
2743,Microalga,São Jorge Do Patrocínio,PR,,Deficiente de dados,#808080
2744,Microalga,São José Da Boa Vista,PR,,Deficiente de dados,#808080
2745,Microalga,São José Das Palmeiras,PR,,Deficiente de dados,#808080
2746,Microalga,São Manoel Do Paraná,PR,,Deficiente de dados,#808080
2747,Microalga,São Mateus Do Sul,PR,,Deficiente de dados,#808080
2748,Microalga,São Miguel Do Iguaçu,PR,,Deficiente de dados,#808080
2749,Microalga,São Pedro Do Iguaçu,PR,,Deficiente de dados,#808080
2750,Microalga,São Pedro Do Ivaí,PR,,Deficiente de dados,#808080
2751,Microalga,São Sebastião Da Amoreira,PR,,Deficiente de dados,#808080
2752,Microalga,São Tomé,PR,,Deficiente de dados,#808080
2753,Microalga,Sapopema,PR,,Deficiente de dados,#808080
2754,Microalga,Sarandi,PR,,Deficiente de dados,#808080
2755,Microalga,Saudade Do Iguaçu,PR,,Deficiente de dados,#808080
2756,Microalga,Sengés,PR,,Deficiente de dados,#808080
2757,Microalga,Serranópolis Do Iguaçu,PR,,Deficiente de dados,#808080
2758,Microalga,Sertaneja,PR,,Deficiente de dados,#808080
2759,Microalga,Sertanópolis,PR,,Deficiente de dados,#808080
2760,Microalga,Siqueira Campos,PR,,Deficiente de dados,#808080
2761,Microalga,Sulina,PR,,Deficiente de dados,#808080
2762,Microalga,Tamarana,PR,,Deficiente de dados,#808080
2763,Microalga,Tamboara,PR,,Deficiente de dados,#808080
2764,Microalga,Tapejara,PR,,Deficiente de dados,#808080
2765,Microalga,Tapira,PR,,Deficiente de dados,#808080
2766,Microalga,Teixeira Soares,PR,,Deficiente de dados,#808080
2767,Microalga,Telêmaco Borba,PR,,Deficiente de dados,#808080
2768,Microalga,Terra Boa,PR,,Deficiente de dados,#808080
2769,Microalga,Terra Rica,PR,,Deficiente de dados,#808080
2770,Microalga,Terra Roxa,PR,,Deficiente de dados,#808080
2771,Microalga,Tibagi,PR,,Deficiente de dados,#808080
2772,Microalga,Tijucas Do Sul,PR,,Deficiente de dados,#808080
2773,Microalga,Toledo,PR,,Deficiente de dados,#808080
2774,Microalga,Tomazina,PR,,Deficiente de dados,#808080
2775,Microalga,Três Barras Do Paraná,PR,,Deficiente de dados,#808080
2776,Microalga,Tunas Do Paraná,PR,,Deficiente de dados,#808080
2777,Microalga,Tuneiras Do Oeste,PR,,Deficiente de dados,#808080
2778,Microalga,Tupãssi,PR,,Deficiente de dados,#808080
2779,Microalga,Turvo,PR,,Deficiente de dados,#808080
2780,Microalga,Ubiratã,PR,,Deficiente de dados,#808080
2781,Microalga,Umuarama,PR,,Deficiente de dados,#808080
2782,Microalga,União Da Vitória,PR,,Deficiente de dados,#808080
2783,Microalga,Uniflor,PR,,Deficiente de dados,#808080
2784,Microalga,Uraí,PR,,Deficiente de dados,#808080
2785,Microalga,Wenceslau Braz,PR,,Deficiente de dados,#808080
2786,Microalga,Ventania,PR,,Deficiente de dados,#808080
2787,Microalga,Vera Cruz Do Oeste,PR,,Deficiente de dados,#808080
2788,Microalga,Verê,PR,,Deficiente de dados,#808080
2789,Microalga,Alto Paraíso,PR,,Deficiente de dados,#808080
2790,Microalga,Doutor Ulysses,PR,,Deficiente de dados,#808080
2791,Microalga,Virmond,PR,,Deficiente de dados,#808080
2792,Microalga,Vitorino,PR,,Deficiente de dados,#808080
2793,Microalga,Xambrê,PR,,Deficiente de dados,#808080
2794,Invertebrado terrestre,Abatiá,PR,4,Alto,#ff7a43
2795,Invertebrado terrestre,Adrianópolis,PR,1,Muito Baixo,#00a6ca
2796,Invertebrado terrestre,Agudos Do Sul,PR,3,Médio,#ffc44d
2797,Invertebrado terrestre,Almirante Tamandaré,PR,3,Médio,#ffc44d
2798,Invertebrado terrestre,Altamira Do Paraná,PR,3,Médio,#ffc44d
2799,Invertebrado terrestre,Alto Paraná,PR,3,Médio,#ffc44d
2800,Invertebrado terrestre,Alto Paraíso,PR,1,Muito Baixo,#00a6ca
2801,Invertebrado terrestre,Alto Piquiri,PR,1,Muito Baixo,#00a6ca
2802,Invertebrado terrestre,Altônia,PR,2,Baixo,#f9f871
2803,Invertebrado terrestre,Alvorada Do Sul,PR,3,Médio,#ffc44d
2804,Invertebrado terrestre,Amaporã,PR,4,Alto,#ff7a43
2805,Invertebrado terrestre,Ampére,PR,4,Alto,#ff7a43
2806,Invertebrado terrestre,Anahy,PR,5,Muito Alto,#d11a2a
2807,Invertebrado terrestre,Andirá,PR,5,Muito Alto,#d11a2a
2808,Invertebrado terrestre,Antonina,PR,4,Alto,#ff7a43
2809,Invertebrado terrestre,Antônio Olinto,PR,1,Muito Baixo,#00a6ca
2810,Invertebrado terrestre,Apucarana,PR,2,Baixo,#f9f871
2811,Invertebrado terrestre,Arapongas,PR,4,Alto,#ff7a43
2812,Invertebrado terrestre,Arapoti,PR,2,Baixo,#f9f871
2813,Invertebrado terrestre,Arapuã,PR,4,Alto,#ff7a43
2814,Invertebrado terrestre,Araruna,PR,3,Médio,#ffc44d
2815,Invertebrado terrestre,Araucária,PR,1,Muito Baixo,#00a6ca
2816,Invertebrado terrestre,Ariranha Do Ivaí,PR,2,Baixo,#f9f871
2817,Invertebrado terrestre,Assaí,PR,3,Médio,#ffc44d
2818,Invertebrado terrestre,Assis Chateaubriand,PR,2,Baixo,#f9f871
2819,Invertebrado terrestre,Astorga,PR,3,Médio,#ffc44d
2820,Invertebrado terrestre,Atalaia,PR,5,Muito Alto,#d11a2a
2821,Invertebrado terrestre,Balsa Nova,PR,2,Baixo,#f9f871
2822,Invertebrado terrestre,Bandeirantes,PR,2,Baixo,#f9f871
2823,Invertebrado terrestre,Barbosa Ferraz,PR,3,Médio,#ffc44d
2824,Invertebrado terrestre,Barra Do Jacaré,PR,5,Muito Alto,#d11a2a
2825,Invertebrado terrestre,Barracão,PR,3,Médio,#ffc44d
2826,Invertebrado terrestre,Bela Vista Da Caroba,PR,5,Muito Alto,#d11a2a
2827,Invertebrado terrestre,Bela Vista Do Paraíso,PR,5,Muito Alto,#d11a2a
2828,Invertebrado terrestre,Bituruna,PR,1,Muito Baixo,#00a6ca
2829,Invertebrado terrestre,Boa Esperança,PR,3,Médio,#ffc44d
2830,Invertebrado terrestre,Boa Esperança Do Iguaçu,PR,3,Médio,#ffc44d
2831,Invertebrado terrestre,Boa Ventura De São Roque,PR,1,Muito Baixo,#00a6ca
2832,Invertebrado terrestre,Boa Vista Da Aparecida,PR,4,Alto,#ff7a43
2833,Invertebrado terrestre,Bocaiúva Do Sul,PR,1,Muito Baixo,#00a6ca
2834,Invertebrado terrestre,Bom Jesus Do Sul,PR,3,Médio,#ffc44d
2835,Invertebrado terrestre,Bom Sucesso,PR,4,Alto,#ff7a43
2836,Invertebrado terrestre,Bom Sucesso Do Sul,PR,5,Muito Alto,#d11a2a
2837,Invertebrado terrestre,Borrazópolis,PR,3,Médio,#ffc44d
2838,Invertebrado terrestre,Braganey,PR,3,Médio,#ffc44d
2839,Invertebrado terrestre,Brasilândia Do Sul,PR,4,Alto,#ff7a43
2840,Invertebrado terrestre,Cafeara,PR,5,Muito Alto,#d11a2a
2841,Invertebrado terrestre,Cafelândia,PR,3,Médio,#ffc44d
2842,Invertebrado terrestre,Cafezal Do Sul,PR,3,Médio,#ffc44d
2843,Invertebrado terrestre,Califórnia,PR,5,Muito Alto,#d11a2a
2844,Invertebrado terrestre,Cambará,PR,4,Alto,#ff7a43
2845,Invertebrado terrestre,Cambira,PR,5,Muito Alto,#d11a2a
2846,Invertebrado terrestre,Cambé,PR,3,Médio,#ffc44d
2847,Invertebrado terrestre,Campina Da Lagoa,PR,1,Muito Baixo,#00a6ca
2848,Invertebrado terrestre,Campina Do Simão,PR,1,Muito Baixo,#00a6ca
2849,Invertebrado terrestre,Campina Grande Do Sul,PR,3,Médio,#ffc44d
2850,Invertebrado terrestre,Campo Bonito,PR,1,Muito Baixo,#00a6ca
2851,Invertebrado terrestre,Campo Do Tenente,PR,2,Baixo,#f9f871
2852,Invertebrado terrestre,Campo Largo,PR,1,Muito Baixo,#00a6ca
2853,Invertebrado terrestre,Campo Magro,PR,2,Baixo,#f9f871
2854,Invertebrado terrestre,Campo Mourão,PR,2,Baixo,#f9f871
2855,Invertebrado terrestre,Candói,PR,1,Muito Baixo,#00a6ca
2856,Invertebrado terrestre,Cantagalo,PR,3,Médio,#ffc44d
2857,Invertebrado terrestre,Capanema,PR,3,Médio,#ffc44d
2858,Invertebrado terrestre,Capitão Leônidas Marques,PR,4,Alto,#ff7a43
2859,Invertebrado terrestre,Carambeí,PR,2,Baixo,#f9f871
2860,Invertebrado terrestre,Carlópolis,PR,3,Médio,#ffc44d
2861,Invertebrado terrestre,Cascavel,PR,1,Muito Baixo,#00a6ca
2862,Invertebrado terrestre,Castro,PR,2,Baixo,#f9f871
2863,Invertebrado terrestre,Catanduvas,PR,2,Baixo,#f9f871
2864,Invertebrado terrestre,Centenário Do Sul,PR,4,Alto,#ff7a43
2865,Invertebrado terrestre,Cerro Azul,PR,1,Muito Baixo,#00a6ca
2866,Invertebrado terrestre,Chopinzinho,PR,1,Muito Baixo,#00a6ca
2867,Invertebrado terrestre,Cianorte,PR,3,Médio,#ffc44d
2868,Invertebrado terrestre,Cidade Gaúcha,PR,3,Médio,#ffc44d
2869,Invertebrado terrestre,Clevelândia,PR,2,Baixo,#f9f871
2870,Invertebrado terrestre,Colombo,PR,5,Muito Alto,#d11a2a
2871,Invertebrado terrestre,Colorado,PR,1,Muito Baixo,#00a6ca
2872,Invertebrado terrestre,Congonhinhas,PR,1,Muito Baixo,#00a6ca
2873,Invertebrado terrestre,Conselheiro Mairinck,PR,3,Médio,#ffc44d
2874,Invertebrado terrestre,Contenda,PR,2,Baixo,#f9f871
2875,Invertebrado terrestre,Corbélia,PR,2,Baixo,#f9f871
2876,Invertebrado terrestre,Cornélio Procópio,PR,2,Baixo,#f9f871
2877,Invertebrado terrestre,Coronel Domingos Soares,PR,1,Muito Baixo,#00a6ca
2878,Invertebrado terrestre,Coronel Vivida,PR,1,Muito Baixo,#00a6ca
2879,Invertebrado terrestre,Corumbataí Do Sul,PR,5,Muito Alto,#d11a2a
2880,Invertebrado terrestre,Cruz Machado,PR,1,Muito Baixo,#00a6ca
2881,Invertebrado terrestre,Cruzeiro Do Iguaçu,PR,5,Muito Alto,#d11a2a
2882,Invertebrado terrestre,Cruzeiro Do Oeste,PR,2,Baixo,#f9f871
2883,Invertebrado terrestre,Cruzeiro Do Sul,PR,3,Médio,#ffc44d
2884,Invertebrado terrestre,Cruzmaltina,PR,4,Alto,#ff7a43
2885,Invertebrado terrestre,Curitiba,PR,5,Muito Alto,#d11a2a
2886,Invertebrado terrestre,Curiúva,PR,3,Médio,#ffc44d
2887,Invertebrado terrestre,Cândido De Abreu,PR,2,Baixo,#f9f871
2888,Invertebrado terrestre,Céu Azul,PR,1,Muito Baixo,#00a6ca
2889,Invertebrado terrestre,Diamante D'oeste,PR,2,Baixo,#f9f871
2890,Invertebrado terrestre,Diamante Do Norte,PR,5,Muito Alto,#d11a2a
2891,Invertebrado terrestre,Diamante Do Sul,PR,2,Baixo,#f9f871
2892,Invertebrado terrestre,Dois Vizinhos,PR,3,Médio,#ffc44d
2893,Invertebrado terrestre,Douradina,PR,2,Baixo,#f9f871
2894,Invertebrado terrestre,Doutor Camargo,PR,5,Muito Alto,#d11a2a
2895,Invertebrado terrestre,Doutor Ulysses,PR,1,Muito Baixo,#00a6ca
2896,Invertebrado terrestre,Engenheiro Beltrão,PR,3,Médio,#ffc44d
2897,Invertebrado terrestre,Entre Rios Do Oeste,PR,5,Muito Alto,#d11a2a
2898,Invertebrado terrestre,Enéas Marques,PR,4,Alto,#ff7a43
2899,Invertebrado terrestre,Esperança Nova,PR,5,Muito Alto,#d11a2a
2900,Invertebrado terrestre,Espigão Alto Do Iguaçu,PR,2,Baixo,#f9f871
2901,Invertebrado terrestre,Farol,PR,4,Alto,#ff7a43
2902,Invertebrado terrestre,Faxinal,PR,2,Baixo,#f9f871
2903,Invertebrado terrestre,Fazenda Rio Grande,PR,4,Alto,#ff7a43
2904,Invertebrado terrestre,Fernandes Pinheiro,PR,1,Muito Baixo,#00a6ca
2905,Invertebrado terrestre,Figueira,PR,5,Muito Alto,#d11a2a
2906,Invertebrado terrestre,Flor Da Serra Do Sul,PR,2,Baixo,#f9f871
2907,Invertebrado terrestre,Floraí,PR,5,Muito Alto,#d11a2a
2908,Invertebrado terrestre,Floresta,PR,5,Muito Alto,#d11a2a
2909,Invertebrado terrestre,Florestópolis,PR,4,Alto,#ff7a43
2910,Invertebrado terrestre,Flórida,PR,5,Muito Alto,#d11a2a
2911,Invertebrado terrestre,Formosa Do Oeste,PR,3,Médio,#ffc44d
2912,Invertebrado terrestre,Foz Do Iguaçu,PR,3,Médio,#ffc44d
2913,Invertebrado terrestre,Foz Do Jordão,PR,2,Baixo,#f9f871
2914,Invertebrado terrestre,Francisco Alves,PR,4,Alto,#ff7a43
2915,Invertebrado terrestre,Francisco Beltrão,PR,1,Muito Baixo,#00a6ca
2916,Invertebrado terrestre,Fênix,PR,4,Alto,#ff7a43
2917,Invertebrado terrestre,General Carneiro,PR,1,Muito Baixo,#00a6ca
2918,Invertebrado terrestre,Godoy Moreira,PR,3,Médio,#ffc44d
2919,Invertebrado terrestre,Goioerê,PR,2,Baixo,#f9f871
2920,Invertebrado terrestre,Goioxim,PR,1,Muito Baixo,#00a6ca
2921,Invertebrado terrestre,Grandes Rios,PR,4,Alto,#ff7a43
2922,Invertebrado terrestre,Guairaçá,PR,3,Médio,#ffc44d
2923,Invertebrado terrestre,Guamiranga,PR,2,Baixo,#f9f871
2924,Invertebrado terrestre,Guapirama,PR,5,Muito Alto,#d11a2a
2925,Invertebrado terrestre,Guaporema,PR,4,Alto,#ff7a43
2926,Invertebrado terrestre,Guaraci,PR,4,Alto,#ff7a43
2927,Invertebrado terrestre,Guaraniaçu,PR,1,Muito Baixo,#00a6ca
2928,Invertebrado terrestre,Guarapuava,PR,1,Muito Baixo,#00a6ca
2929,Invertebrado terrestre,Guaraqueçaba,PR,1,Muito Baixo,#00a6ca
2930,Invertebrado terrestre,Guaratuba,PR,1,Muito Baixo,#00a6ca
2931,Invertebrado terrestre,Guaíra,PR,2,Baixo,#f9f871
2932,Invertebrado terrestre,Honório Serpa,PR,1,Muito Baixo,#00a6ca
2933,Invertebrado terrestre,Ibaiti,PR,2,Baixo,#f9f871
2934,Invertebrado terrestre,Ibema,PR,5,Muito Alto,#d11a2a
2935,Invertebrado terrestre,Ibiporã,PR,5,Muito Alto,#d11a2a
2936,Invertebrado terrestre,Icaraíma,PR,3,Médio,#ffc44d
2937,Invertebrado terrestre,Iguaraçu,PR,5,Muito Alto,#d11a2a
2938,Invertebrado terrestre,Iguatu,PR,5,Muito Alto,#d11a2a
2939,Invertebrado terrestre,Imbaú,PR,2,Baixo,#f9f871
2940,Invertebrado terrestre,Imbituva,PR,2,Baixo,#f9f871
2941,Invertebrado terrestre,Inajá,PR,4,Alto,#ff7a43
2942,Invertebrado terrestre,Indianópolis,PR,5,Muito Alto,#d11a2a
2943,Invertebrado terrestre,Inácio Martins,PR,1,Muito Baixo,#00a6ca
2944,Invertebrado terrestre,Ipiranga,PR,1,Muito Baixo,#00a6ca
2945,Invertebrado terrestre,Iporã,PR,2,Baixo,#f9f871
2946,Invertebrado terrestre,Iracema Do Oeste,PR,5,Muito Alto,#d11a2a
2947,Invertebrado terrestre,Irati,PR,1,Muito Baixo,#00a6ca
2948,Invertebrado terrestre,Iretama,PR,3,Médio,#ffc44d
2949,Invertebrado terrestre,Itaguajé,PR,5,Muito Alto,#d11a2a
2950,Invertebrado terrestre,Itaipulândia,PR,5,Muito Alto,#d11a2a
2951,Invertebrado terrestre,Itambaracá,PR,5,Muito Alto,#d11a2a
2952,Invertebrado terrestre,Itambé,PR,2,Baixo,#f9f871
2953,Invertebrado terrestre,Itapejara D'oeste,PR,4,Alto,#ff7a43
2954,Invertebrado terrestre,Itaperuçu,PR,2,Baixo,#f9f871
2955,Invertebrado terrestre,Itaúna Do Sul,PR,5,Muito Alto,#d11a2a
2956,Invertebrado terrestre,Ivaiporã,PR,3,Médio,#ffc44d
2957,Invertebrado terrestre,Ivatuba,PR,5,Muito Alto,#d11a2a
2958,Invertebrado terrestre,Ivaté,PR,3,Médio,#ffc44d
2959,Invertebrado terrestre,Ivaí,PR,1,Muito Baixo,#00a6ca
2960,Invertebrado terrestre,Jaboti,PR,5,Muito Alto,#d11a2a
2961,Invertebrado terrestre,Jacarezinho,PR,3,Médio,#ffc44d
2962,Invertebrado terrestre,Jaguapitã,PR,5,Muito Alto,#d11a2a
2963,Invertebrado terrestre,Jaguariaíva,PR,1,Muito Baixo,#00a6ca
2964,Invertebrado terrestre,Jandaia Do Sul,PR,5,Muito Alto,#d11a2a
2965,Invertebrado terrestre,Janiópolis,PR,4,Alto,#ff7a43
2966,Invertebrado terrestre,Japira,PR,3,Médio,#ffc44d
2967,Invertebrado terrestre,Japurá,PR,5,Muito Alto,#d11a2a
2968,Invertebrado terrestre,Jardim Alegre,PR,3,Médio,#ffc44d
2969,Invertebrado terrestre,Jardim Olinda,PR,5,Muito Alto,#d11a2a
2970,Invertebrado terrestre,Jataizinho,PR,5,Muito Alto,#d11a2a
2971,Invertebrado terrestre,Jesuítas,PR,4,Alto,#ff7a43
2972,Invertebrado terrestre,Joaquim Távora,PR,4,Alto,#ff7a43
2973,Invertebrado terrestre,Jundiaí Do Sul,PR,2,Baixo,#f9f871
2974,Invertebrado terrestre,Juranda,PR,3,Médio,#ffc44d
2975,Invertebrado terrestre,Jussara,PR,4,Alto,#ff7a43
2976,Invertebrado terrestre,Kaloré,PR,4,Alto,#ff7a43
2977,Invertebrado terrestre,Lapa,PR,1,Muito Baixo,#00a6ca
2978,Invertebrado terrestre,Laranjal,PR,1,Muito Baixo,#00a6ca
2979,Invertebrado terrestre,Laranjeiras Do Sul,PR,2,Baixo,#f9f871
2980,Invertebrado terrestre,Leópolis,PR,4,Alto,#ff7a43
2981,Invertebrado terrestre,Lidianópolis,PR,5,Muito Alto,#d11a2a
2982,Invertebrado terrestre,Lindoeste,PR,3,Médio,#ffc44d
2983,Invertebrado terrestre,Loanda,PR,2,Baixo,#f9f871
2984,Invertebrado terrestre,Lobato,PR,4,Alto,#ff7a43
2985,Invertebrado terrestre,Londrina,PR,4,Alto,#ff7a43
2986,Invertebrado terrestre,Luiziana,PR,1,Muito Baixo,#00a6ca
2987,Invertebrado terrestre,Lunardelli,PR,4,Alto,#ff7a43
2988,Invertebrado terrestre,Lupionópolis,PR,5,Muito Alto,#d11a2a
2989,Invertebrado terrestre,Mallet,PR,1,Muito Baixo,#00a6ca
2990,Invertebrado terrestre,Mamborê,PR,2,Baixo,#f9f871
2991,Invertebrado terrestre,Mandaguari,PR,4,Alto,#ff7a43
2992,Invertebrado terrestre,Mandaguaçu,PR,3,Médio,#ffc44d
2993,Invertebrado terrestre,Mandirituba,PR,2,Baixo,#f9f871
2994,Invertebrado terrestre,Manfrinópolis,PR,2,Baixo,#f9f871
2995,Invertebrado terrestre,Mangueirinha,PR,2,Baixo,#f9f871
2996,Invertebrado terrestre,Manoel Ribas,PR,2,Baixo,#f9f871
2997,Invertebrado terrestre,Marechal Cândido Rondon,PR,5,Muito Alto,#d11a2a
2998,Invertebrado terrestre,Maria Helena,PR,2,Baixo,#f9f871
2999,Invertebrado terrestre,Marialva,PR,4,Alto,#ff7a43
3000,Invertebrado terrestre,Marilena,PR,5,Muito Alto,#d11a2a
3001,Invertebrado terrestre,Mariluz,PR,2,Baixo,#f9f871
3002,Invertebrado terrestre,Marilândia Do Sul,PR,4,Alto,#ff7a43
3003,Invertebrado terrestre,Maringá,PR,5,Muito Alto,#d11a2a
3004,Invertebrado terrestre,Maripá,PR,3,Médio,#ffc44d
3005,Invertebrado terrestre,Mariópolis,PR,4,Alto,#ff7a43
3006,Invertebrado terrestre,Marmeleiro,PR,4,Alto,#ff7a43
3007,Invertebrado terrestre,Marquinho,PR,1,Muito Baixo,#00a6ca
3008,Invertebrado terrestre,Marumbi,PR,2,Baixo,#f9f871
3009,Invertebrado terrestre,Matelândia,PR,2,Baixo,#f9f871
3010,Invertebrado terrestre,Matinhos,PR,5,Muito Alto,#d11a2a
3011,Invertebrado terrestre,Mato Rico,PR,3,Médio,#ffc44d
3012,Invertebrado terrestre,Mauá Da Serra,PR,5,Muito Alto,#d11a2a
3013,Invertebrado terrestre,Medianeira,PR,4,Alto,#ff7a43
3014,Invertebrado terrestre,Mercedes,PR,5,Muito Alto,#d11a2a
3015,Invertebrado terrestre,Mirador,PR,5,Muito Alto,#d11a2a
3016,Invertebrado terrestre,Miraselva,PR,5,Muito Alto,#d11a2a
3017,Invertebrado terrestre,Missal,PR,4,Alto,#ff7a43
3018,Invertebrado terrestre,Moreira Sales,PR,3,Médio,#ffc44d
3019,Invertebrado terrestre,Morretes,PR,3,Médio,#ffc44d
3020,Invertebrado terrestre,Munhoz De Melo,PR,5,Muito Alto,#d11a2a
3021,Invertebrado terrestre,Nossa Senhora Das Graças,PR,5,Muito Alto,#d11a2a
3022,Invertebrado terrestre,Nova Aliança Do Ivaí,PR,5,Muito Alto,#d11a2a
3023,Invertebrado terrestre,Nova América Da Colina,PR,3,Médio,#ffc44d
3024,Invertebrado terrestre,Nova Aurora,PR,2,Baixo,#f9f871
3025,Invertebrado terrestre,Nova Cantu,PR,3,Médio,#ffc44d
3026,Invertebrado terrestre,Nova Esperança,PR,1,Muito Baixo,#00a6ca
3027,Invertebrado terrestre,Nova Esperança Do Sudoeste,PR,2,Baixo,#f9f871
3028,Invertebrado terrestre,Nova Fátima,PR,4,Alto,#ff7a43
3029,Invertebrado terrestre,Nova Laranjeiras,PR,1,Muito Baixo,#00a6ca
3030,Invertebrado terrestre,Nova Londrina,PR,4,Alto,#ff7a43
3031,Invertebrado terrestre,Nova Olímpia,PR,5,Muito Alto,#d11a2a
3032,Invertebrado terrestre,Nova Prata Do Iguaçu,PR,4,Alto,#ff7a43
3033,Invertebrado terrestre,Nova Santa Bárbara,PR,5,Muito Alto,#d11a2a
3034,Invertebrado terrestre,Nova Santa Rosa,PR,4,Alto,#ff7a43
3035,Invertebrado terrestre,Nova Tebas,PR,3,Médio,#ffc44d
3036,Invertebrado terrestre,Novo Itacolomi,PR,5,Muito Alto,#d11a2a
3037,Invertebrado terrestre,Ortigueira,PR,1,Muito Baixo,#00a6ca
3038,Invertebrado terrestre,Ourizona,PR,4,Alto,#ff7a43
3039,Invertebrado terrestre,Ouro Verde Do Oeste,PR,3,Médio,#ffc44d
3040,Invertebrado terrestre,Paiçandu,PR,4,Alto,#ff7a43
3041,Invertebrado terrestre,Palmas,PR,1,Muito Baixo,#00a6ca
3042,Invertebrado terrestre,Palmeira,PR,1,Muito Baixo,#00a6ca
3043,Invertebrado terrestre,Palmital,PR,1,Muito Baixo,#00a6ca
3044,Invertebrado terrestre,Palotina,PR,2,Baixo,#f9f871
3045,Invertebrado terrestre,Paranacity,PR,4,Alto,#ff7a43
3046,Invertebrado terrestre,Paranaguá,PR,1,Muito Baixo,#00a6ca
3047,Invertebrado terrestre,Paranapoema,PR,5,Muito Alto,#d11a2a
3048,Invertebrado terrestre,Paranavaí,PR,1,Muito Baixo,#00a6ca
3049,Invertebrado terrestre,Paraíso Do Norte,PR,4,Alto,#ff7a43
3050,Invertebrado terrestre,Pato Bragado,PR,5,Muito Alto,#d11a2a
3051,Invertebrado terrestre,Pato Branco,PR,2,Baixo,#f9f871
3052,Invertebrado terrestre,Paula Freitas,PR,1,Muito Baixo,#00a6ca
3053,Invertebrado terrestre,Paulo Frontin,PR,2,Baixo,#f9f871
3054,Invertebrado terrestre,Peabiru,PR,3,Médio,#ffc44d
3055,Invertebrado terrestre,Perobal,PR,3,Médio,#ffc44d
3056,Invertebrado terrestre,Pinhais,PR,5,Muito Alto,#d11a2a
3057,Invertebrado terrestre,Pinhal De São Bento,PR,5,Muito Alto,#d11a2a
3058,Invertebrado terrestre,Pinhalão,PR,4,Alto,#ff7a43
3059,Invertebrado terrestre,Pinhão,PR,1,Muito Baixo,#00a6ca
3060,Invertebrado terrestre,Piraquara,PR,2,Baixo,#f9f871
3061,Invertebrado terrestre,Piraí Do Sul,PR,1,Muito Baixo,#00a6ca
3062,Invertebrado terrestre,Pitanga,PR,1,Muito Baixo,#00a6ca
3063,Invertebrado terrestre,Pitangueiras,PR,5,Muito Alto,#d11a2a
3064,Invertebrado terrestre,Piên,PR,2,Baixo,#f9f871
3065,Invertebrado terrestre,Planaltina Do Paraná,PR,4,Alto,#ff7a43
3066,Invertebrado terrestre,Planalto,PR,4,Alto,#ff7a43
3067,Invertebrado terrestre,Ponta Grossa,PR,2,Baixo,#f9f871
3068,Invertebrado terrestre,Pontal Do Paraná,PR,4,Alto,#ff7a43
3069,Invertebrado terrestre,Porecatu,PR,3,Médio,#ffc44d
3070,Invertebrado terrestre,Porto Amazonas,PR,3,Médio,#ffc44d
3071,Invertebrado terrestre,Porto Barreiro,PR,2,Baixo,#f9f871
3072,Invertebrado terrestre,Porto Rico,PR,5,Muito Alto,#d11a2a
3073,Invertebrado terrestre,Porto Vitória,PR,2,Baixo,#f9f871
3074,Invertebrado terrestre,Prado Ferreira,PR,5,Muito Alto,#d11a2a
3075,Invertebrado terrestre,Pranchita,PR,2,Baixo,#f9f871
3076,Invertebrado terrestre,Presidente Castelo Branco,PR,5,Muito Alto,#d11a2a
3077,Invertebrado terrestre,Primeiro De Maio,PR,4,Alto,#ff7a43
3078,Invertebrado terrestre,Prudentópolis,PR,1,Muito Baixo,#00a6ca
3079,Invertebrado terrestre,Pérola,PR,4,Alto,#ff7a43
3080,Invertebrado terrestre,Pérola D'oeste,PR,3,Médio,#ffc44d
3081,Invertebrado terrestre,Quarto Centenário,PR,3,Médio,#ffc44d
3082,Invertebrado terrestre,Quatiguá,PR,5,Muito Alto,#d11a2a
3083,Invertebrado terrestre,Quatro Barras,PR,4,Alto,#ff7a43
3084,Invertebrado terrestre,Quatro Pontes,PR,5,Muito Alto,#d11a2a
3085,Invertebrado terrestre,Quedas Do Iguaçu,PR,2,Baixo,#f9f871
3086,Invertebrado terrestre,Querência Do Norte,PR,2,Baixo,#f9f871
3087,Invertebrado terrestre,Quinta Do Sol,PR,4,Alto,#ff7a43
3088,Invertebrado terrestre,Quitandinha,PR,1,Muito Baixo,#00a6ca
3089,Invertebrado terrestre,Ramilândia,PR,4,Alto,#ff7a43
3090,Invertebrado terrestre,Rancho Alegre,PR,4,Alto,#ff7a43
3091,Invertebrado terrestre,Rancho Alegre D'oeste,PR,4,Alto,#ff7a43
3092,Invertebrado terrestre,Realeza,PR,4,Alto,#ff7a43
3093,Invertebrado terrestre,Rebouças,PR,1,Muito Baixo,#00a6ca
3094,Invertebrado terrestre,Renascença,PR,1,Muito Baixo,#00a6ca
3095,Invertebrado terrestre,Reserva,PR,1,Muito Baixo,#00a6ca
3096,Invertebrado terrestre,Reserva Do Iguaçu,PR,1,Muito Baixo,#00a6ca
3097,Invertebrado terrestre,Ribeirão Claro,PR,2,Baixo,#f9f871
3098,Invertebrado terrestre,Ribeirão Do Pinhal,PR,4,Alto,#ff7a43
3099,Invertebrado terrestre,Rio Azul,PR,1,Muito Baixo,#00a6ca
3100,Invertebrado terrestre,Rio Bom,PR,4,Alto,#ff7a43
3101,Invertebrado terrestre,Rio Bonito Do Iguaçu,PR,2,Baixo,#f9f871
3102,Invertebrado terrestre,Rio Branco Do Ivaí,PR,4,Alto,#ff7a43
3103,Invertebrado terrestre,Rio Branco Do Sul,PR,1,Muito Baixo,#00a6ca
3104,Invertebrado terrestre,Rio Negro,PR,1,Muito Baixo,#00a6ca
3105,Invertebrado terrestre,Rolândia,PR,5,Muito Alto,#d11a2a
3106,Invertebrado terrestre,Roncador,PR,2,Baixo,#f9f871
3107,Invertebrado terrestre,Rondon,PR,3,Médio,#ffc44d
3108,Invertebrado terrestre,Rosário Do Ivaí,PR,3,Médio,#ffc44d
3109,Invertebrado terrestre,Sabáudia,PR,4,Alto,#ff7a43
3110,Invertebrado terrestre,Salgado Filho,PR,4,Alto,#ff7a43
3111,Invertebrado terrestre,Salto Do Itararé,PR,5,Muito Alto,#d11a2a
3112,Invertebrado terrestre,Salto Do Lontra,PR,4,Alto,#ff7a43
3113,Invertebrado terrestre,Santa Amélia,PR,5,Muito Alto,#d11a2a
3114,Invertebrado terrestre,Santa Cecília Do Pavão,PR,5,Muito Alto,#d11a2a
3115,Invertebrado terrestre,Santa Cruz De Monte Castelo,PR,3,Médio,#ffc44d
3116,Invertebrado terrestre,Santa Fé,PR,3,Médio,#ffc44d
3117,Invertebrado terrestre,Santa Helena,PR,4,Alto,#ff7a43
3118,Invertebrado terrestre,Santa Inês,PR,5,Muito Alto,#d11a2a
3119,Invertebrado terrestre,Santa Isabel Do Ivaí,PR,3,Médio,#ffc44d
3120,Invertebrado terrestre,Santa Izabel Do Oeste,PR,3,Médio,#ffc44d
3121,Invertebrado terrestre,Santa Lúcia,PR,5,Muito Alto,#d11a2a
3122,Invertebrado terrestre,Santa Maria Do Oeste,PR,1,Muito Baixo,#00a6ca
3123,Invertebrado terrestre,Santa Mariana,PR,1,Muito Baixo,#00a6ca
3124,Invertebrado terrestre,Santa Mônica,PR,4,Alto,#ff7a43
3125,Invertebrado terrestre,Santa Tereza Do Oeste,PR,3,Médio,#ffc44d
3126,Invertebrado terrestre,Santa Terezinha De Itaipu,PR,3,Médio,#ffc44d
3127,Invertebrado terrestre,Santana Do Itararé,PR,4,Alto,#ff7a43
3128,Invertebrado terrestre,Santo Antônio Da Platina,PR,2,Baixo,#f9f871
3129,Invertebrado terrestre,Santo Antônio Do Caiuá,PR,5,Muito Alto,#d11a2a
3130,Invertebrado terrestre,Santo Antônio Do Paraíso,PR,5,Muito Alto,#d11a2a
3131,Invertebrado terrestre,Santo Antônio Do Sudoeste,PR,3,Médio,#ffc44d
3132,Invertebrado terrestre,Santo Inácio,PR,3,Médio,#ffc44d
3133,Invertebrado terrestre,Sapopema,PR,1,Muito Baixo,#00a6ca
3134,Invertebrado terrestre,Sarandi,PR,5,Muito Alto,#d11a2a
3135,Invertebrado terrestre,Saudade Do Iguaçu,PR,5,Muito Alto,#d11a2a
3136,Invertebrado terrestre,Sengés,PR,1,Muito Baixo,#00a6ca
3137,Invertebrado terrestre,Serranópolis Do Iguaçu,PR,2,Baixo,#f9f871
3138,Invertebrado terrestre,Sertaneja,PR,2,Baixo,#f9f871
3139,Invertebrado terrestre,Sertanópolis,PR,2,Baixo,#f9f871
3140,Invertebrado terrestre,Siqueira Campos,PR,4,Alto,#ff7a43
3141,Invertebrado terrestre,Sulina,PR,3,Médio,#ffc44d
3142,Invertebrado terrestre,São Carlos Do Ivaí,PR,4,Alto,#ff7a43
3143,Invertebrado terrestre,São Jerônimo Da Serra,PR,2,Baixo,#f9f871
3144,Invertebrado terrestre,São Jorge D'oeste,PR,3,Médio,#ffc44d
3145,Invertebrado terrestre,São Jorge Do Ivaí,PR,2,Baixo,#f9f871
3146,Invertebrado terrestre,São Jorge Do Patrocínio,PR,3,Médio,#ffc44d
3147,Invertebrado terrestre,São José Da Boa Vista,PR,3,Médio,#ffc44d
3148,Invertebrado terrestre,São José Das Palmeiras,PR,4,Alto,#ff7a43
3149,Invertebrado terrestre,São José Dos Pinhais,PR,1,Muito Baixo,#00a6ca
3150,Invertebrado terrestre,São João,PR,2,Baixo,#f9f871
3151,Invertebrado terrestre,São João Do Caiuá,PR,4,Alto,#ff7a43
3152,Invertebrado terrestre,São João Do Ivaí,PR,3,Médio,#ffc44d
3153,Invertebrado terrestre,São João Do Triunfo,PR,1,Muito Baixo,#00a6ca
3154,Invertebrado terrestre,São Manoel Do Paraná,PR,5,Muito Alto,#d11a2a
3155,Invertebrado terrestre,São Mateus Do Sul,PR,1,Muito Baixo,#00a6ca
3156,Invertebrado terrestre,São Miguel Do Iguaçu,PR,1,Muito Baixo,#00a6ca
3157,Invertebrado terrestre,São Pedro Do Iguaçu,PR,3,Médio,#ffc44d
3158,Invertebrado terrestre,São Pedro Do Ivaí,PR,4,Alto,#ff7a43
3159,Invertebrado terrestre,São Pedro Do Paraná,PR,4,Alto,#ff7a43
3160,Invertebrado terrestre,São Sebastião Da Amoreira,PR,4,Alto,#ff7a43
3161,Invertebrado terrestre,São Tomé,PR,4,Alto,#ff7a43
3162,Invertebrado terrestre,Tamarana,PR,2,Baixo,#f9f871
3163,Invertebrado terrestre,Tamboara,PR,4,Alto,#ff7a43
3164,Invertebrado terrestre,Tapejara,PR,2,Baixo,#f9f871
3165,Invertebrado terrestre,Tapira,PR,2,Baixo,#f9f871
3166,Invertebrado terrestre,Teixeira Soares,PR,1,Muito Baixo,#00a6ca
3167,Invertebrado terrestre,Telêmaco Borba,PR,1,Muito Baixo,#00a6ca
3168,Invertebrado terrestre,Terra Boa,PR,4,Alto,#ff7a43
3169,Invertebrado terrestre,Terra Rica,PR,2,Baixo,#f9f871
3170,Invertebrado terrestre,Terra Roxa,PR,1,Muito Baixo,#00a6ca
3171,Invertebrado terrestre,Tibagi,PR,1,Muito Baixo,#00a6ca
3172,Invertebrado terrestre,Tijucas Do Sul,PR,1,Muito Baixo,#00a6ca
3173,Invertebrado terrestre,Toledo,PR,3,Médio,#ffc44d
3174,Invertebrado terrestre,Tomazina,PR,2,Baixo,#f9f871
3175,Invertebrado terrestre,Três Barras Do Paraná,PR,2,Baixo,#f9f871
3176,Invertebrado terrestre,Tunas Do Paraná,PR,1,Muito Baixo,#00a6ca
3177,Invertebrado terrestre,Tuneiras Do Oeste,PR,2,Baixo,#f9f871
3178,Invertebrado terrestre,Tupãssi,PR,3,Médio,#ffc44d
3179,Invertebrado terrestre,Turvo,PR,1,Muito Baixo,#00a6ca
3180,Invertebrado terrestre,Ubiratã,PR,2,Baixo,#f9f871
3181,Invertebrado terrestre,Umuarama,PR,1,Muito Baixo,#00a6ca
3182,Invertebrado terrestre,Uniflor,PR,5,Muito Alto,#d11a2a
3183,Invertebrado terrestre,União Da Vitória,PR,2,Baixo,#f9f871
3184,Invertebrado terrestre,Uraí,PR,4,Alto,#ff7a43
3185,Invertebrado terrestre,Ventania,PR,1,Muito Baixo,#00a6ca
3186,Invertebrado terrestre,Vera Cruz Do Oeste,PR,3,Médio,#ffc44d
3187,Invertebrado terrestre,Verê,PR,3,Médio,#ffc44d
3188,Invertebrado terrestre,Virmond,PR,2,Baixo,#f9f871
3189,Invertebrado terrestre,Vitorino,PR,3,Médio,#ffc44d
3190,Invertebrado terrestre,Wenceslau Braz,PR,3,Médio,#ffc44d
3191,Invertebrado terrestre,Xambrê,PR,3,Médio,#ffc44d
3192,Invertebrado terrestre,Ângulo,PR,5,Muito Alto,#d11a2a
3193,Planta terrestre,Adrianópolis,PR,3,Médio,#ffc44d
3194,Planta terrestre,Agudos Do Sul,PR,4,Alto,#ff7a43
3195,Planta terrestre,Almirante Tamandaré,PR,5,Muito Alto,#d11a2a
3196,Planta terrestre,Altamira Do Paraná,PR,1,Muito Baixo,#00a6ca
3197,Planta terrestre,Alto Paraná,PR,1,Muito Baixo,#00a6ca
3198,Planta terrestre,Alto Paraíso,PR,2,Baixo,#f9f871
3199,Planta terrestre,Alto Piquiri,PR,1,Muito Baixo,#00a6ca
3200,Planta terrestre,Altônia,PR,1,Muito Baixo,#00a6ca
3201,Planta terrestre,Alvorada Do Sul,PR,2,Baixo,#f9f871
3202,Planta terrestre,Anahy,PR,4,Alto,#ff7a43
3203,Planta terrestre,Andirá,PR,2,Baixo,#f9f871
3204,Planta terrestre,Antonina,PR,5,Muito Alto,#d11a2a
3205,Planta terrestre,Antônio Olinto,PR,2,Baixo,#f9f871
3206,Planta terrestre,Apucarana,PR,4,Alto,#ff7a43
3207,Planta terrestre,Arapongas,PR,5,Muito Alto,#d11a2a
3208,Planta terrestre,Arapoti,PR,1,Muito Baixo,#00a6ca
3209,Planta terrestre,Araruna,PR,3,Médio,#ffc44d
3210,Planta terrestre,Araucária,PR,5,Muito Alto,#d11a2a
3211,Planta terrestre,Assaí,PR,1,Muito Baixo,#00a6ca
3212,Planta terrestre,Assis Chateaubriand,PR,2,Baixo,#f9f871
3213,Planta terrestre,Astorga,PR,5,Muito Alto,#d11a2a
3214,Planta terrestre,Atalaia,PR,3,Médio,#ffc44d
3215,Planta terrestre,Balsa Nova,PR,5,Muito Alto,#d11a2a
3216,Planta terrestre,Bandeirantes,PR,5,Muito Alto,#d11a2a
3217,Planta terrestre,Barbosa Ferraz,PR,4,Alto,#ff7a43
3218,Planta terrestre,Barra Do Jacaré,PR,4,Alto,#ff7a43
3219,Planta terrestre,Bela Vista Do Paraíso,PR,2,Baixo,#f9f871
3220,Planta terrestre,Bituruna,PR,1,Muito Baixo,#00a6ca
3221,Planta terrestre,Boa Ventura De São Roque,PR,1,Muito Baixo,#00a6ca
3222,Planta terrestre,Boa Vista Da Aparecida,PR,5,Muito Alto,#d11a2a
3223,Planta terrestre,Bocaiúva Do Sul,PR,4,Alto,#ff7a43
3224,Planta terrestre,Bom Sucesso,PR,2,Baixo,#f9f871
3225,Planta terrestre,Borrazópolis,PR,2,Baixo,#f9f871
3226,Planta terrestre,Braganey,PR,1,Muito Baixo,#00a6ca
3227,Planta terrestre,Cafeara,PR,4,Alto,#ff7a43
3228,Planta terrestre,Cafelândia,PR,2,Baixo,#f9f871
3229,Planta terrestre,Cafezal Do Sul,PR,2,Baixo,#f9f871
3230,Planta terrestre,Califórnia,PR,3,Médio,#ffc44d
3231,Planta terrestre,Cambará,PR,1,Muito Baixo,#00a6ca
3232,Planta terrestre,Cambira,PR,3,Médio,#ffc44d
3233,Planta terrestre,Cambé,PR,5,Muito Alto,#d11a2a
3234,Planta terrestre,Campina Da Lagoa,PR,3,Médio,#ffc44d
3235,Planta terrestre,Campina Grande Do Sul,PR,5,Muito Alto,#d11a2a
3236,Planta terrestre,Campo Do Tenente,PR,5,Muito Alto,#d11a2a
3237,Planta terrestre,Campo Largo,PR,5,Muito Alto,#d11a2a
3238,Planta terrestre,Campo Mourão,PR,5,Muito Alto,#d11a2a
3239,Planta terrestre,Candói,PR,1,Muito Baixo,#00a6ca
3240,Planta terrestre,Cantagalo,PR,3,Médio,#ffc44d
3241,Planta terrestre,Capanema,PR,4,Alto,#ff7a43
3242,Planta terrestre,Capitão Leônidas Marques,PR,5,Muito Alto,#d11a2a
3243,Planta terrestre,Carambeí,PR,2,Baixo,#f9f871
3244,Planta terrestre,Carlópolis,PR,1,Muito Baixo,#00a6ca
3245,Planta terrestre,Cascavel,PR,5,Muito Alto,#d11a2a
3246,Planta terrestre,Castro,PR,3,Médio,#ffc44d
3247,Planta terrestre,Catanduvas,PR,2,Baixo,#f9f871
3248,Planta terrestre,Centenário Do Sul,PR,1,Muito Baixo,#00a6ca
3249,Planta terrestre,Cerro Azul,PR,4,Alto,#ff7a43
3250,Planta terrestre,Chopinzinho,PR,1,Muito Baixo,#00a6ca
3251,Planta terrestre,Cianorte,PR,4,Alto,#ff7a43
3252,Planta terrestre,Cidade Gaúcha,PR,2,Baixo,#f9f871
3253,Planta terrestre,Colombo,PR,5,Muito Alto,#d11a2a
3254,Planta terrestre,Colorado,PR,2,Baixo,#f9f871
3255,Planta terrestre,Congonhinhas,PR,2,Baixo,#f9f871
3256,Planta terrestre,Conselheiro Mairinck,PR,2,Baixo,#f9f871
3257,Planta terrestre,Contenda,PR,3,Médio,#ffc44d
3258,Planta terrestre,Corbélia,PR,1,Muito Baixo,#00a6ca
3259,Planta terrestre,Cornélio Procópio,PR,2,Baixo,#f9f871
3260,Planta terrestre,Coronel Vivida,PR,1,Muito Baixo,#00a6ca
3261,Planta terrestre,Corumbataí Do Sul,PR,5,Muito Alto,#d11a2a
3262,Planta terrestre,Cruz Machado,PR,1,Muito Baixo,#00a6ca
3263,Planta terrestre,Cruzeiro Do Iguaçu,PR,3,Médio,#ffc44d
3264,Planta terrestre,Cruzeiro Do Oeste,PR,1,Muito Baixo,#00a6ca
3265,Planta terrestre,Cruzeiro Do Sul,PR,4,Alto,#ff7a43
3266,Planta terrestre,Cruzmaltina,PR,2,Baixo,#f9f871
3267,Planta terrestre,Curitiba,PR,5,Muito Alto,#d11a2a
3268,Planta terrestre,Curiúva,PR,2,Baixo,#f9f871
3269,Planta terrestre,Cândido De Abreu,PR,1,Muito Baixo,#00a6ca
3270,Planta terrestre,Céu Azul,PR,3,Médio,#ffc44d
3271,Planta terrestre,Diamante D'oeste,PR,2,Baixo,#f9f871
3272,Planta terrestre,Diamante Do Norte,PR,5,Muito Alto,#d11a2a
3273,Planta terrestre,Dois Vizinhos,PR,5,Muito Alto,#d11a2a
3274,Planta terrestre,Douradina,PR,2,Baixo,#f9f871
3275,Planta terrestre,Doutor Camargo,PR,4,Alto,#ff7a43
3276,Planta terrestre,Doutor Ulysses,PR,3,Médio,#ffc44d
3277,Planta terrestre,Engenheiro Beltrão,PR,1,Muito Baixo,#00a6ca
3278,Planta terrestre,Entre Rios Do Oeste,PR,5,Muito Alto,#d11a2a
3279,Planta terrestre,Farol,PR,4,Alto,#ff7a43
3280,Planta terrestre,Faxinal,PR,4,Alto,#ff7a43
3281,Planta terrestre,Fazenda Rio Grande,PR,5,Muito Alto,#d11a2a
3282,Planta terrestre,Fernandes Pinheiro,PR,5,Muito Alto,#d11a2a
3283,Planta terrestre,Figueira,PR,5,Muito Alto,#d11a2a
3284,Planta terrestre,Floraí,PR,3,Médio,#ffc44d
3285,Planta terrestre,Floresta,PR,3,Médio,#ffc44d
3286,Planta terrestre,Flórida,PR,4,Alto,#ff7a43
3287,Planta terrestre,Formosa Do Oeste,PR,2,Baixo,#f9f871
3288,Planta terrestre,Foz Do Iguaçu,PR,5,Muito Alto,#d11a2a
3289,Planta terrestre,Francisco Alves,PR,2,Baixo,#f9f871
3290,Planta terrestre,Francisco Beltrão,PR,3,Médio,#ffc44d
3291,Planta terrestre,Fênix,PR,5,Muito Alto,#d11a2a
3292,Planta terrestre,General Carneiro,PR,3,Médio,#ffc44d
3293,Planta terrestre,Godoy Moreira,PR,3,Médio,#ffc44d
3294,Planta terrestre,Goioerê,PR,3,Médio,#ffc44d
3295,Planta terrestre,Goioxim,PR,1,Muito Baixo,#00a6ca
3296,Planta terrestre,Grandes Rios,PR,2,Baixo,#f9f871
3297,Planta terrestre,Guairaçá,PR,1,Muito Baixo,#00a6ca
3298,Planta terrestre,Guamiranga,PR,4,Alto,#ff7a43
3299,Planta terrestre,Guapirama,PR,3,Médio,#ffc44d
3300,Planta terrestre,Guaraci,PR,2,Baixo,#f9f871
3301,Planta terrestre,Guaraniaçu,PR,1,Muito Baixo,#00a6ca
3302,Planta terrestre,Guarapuava,PR,5,Muito Alto,#d11a2a
3303,Planta terrestre,Guaraqueçaba,PR,5,Muito Alto,#d11a2a
3304,Planta terrestre,Guaratuba,PR,5,Muito Alto,#d11a2a
3305,Planta terrestre,Guaíra,PR,5,Muito Alto,#d11a2a
3306,Planta terrestre,Ibaiti,PR,2,Baixo,#f9f871
3307,Planta terrestre,Ibema,PR,3,Médio,#ffc44d
3308,Planta terrestre,Ibiporã,PR,4,Alto,#ff7a43
3309,Planta terrestre,Icaraíma,PR,4,Alto,#ff7a43
3310,Planta terrestre,Iguaraçu,PR,3,Médio,#ffc44d
3311,Planta terrestre,Iguatu,PR,4,Alto,#ff7a43
3312,Planta terrestre,Imbaú,PR,4,Alto,#ff7a43
3313,Planta terrestre,Imbituva,PR,1,Muito Baixo,#00a6ca
3314,Planta terrestre,Inajá,PR,3,Médio,#ffc44d
3315,Planta terrestre,Indianópolis,PR,4,Alto,#ff7a43
3316,Planta terrestre,Iporã,PR,1,Muito Baixo,#00a6ca
3317,Planta terrestre,Iracema Do Oeste,PR,4,Alto,#ff7a43
3318,Planta terrestre,Irati,PR,5,Muito Alto,#d11a2a
3319,Planta terrestre,Iretama,PR,5,Muito Alto,#d11a2a
3320,Planta terrestre,Itaguajé,PR,5,Muito Alto,#d11a2a
3321,Planta terrestre,Itaipulândia,PR,2,Baixo,#f9f871
3322,Planta terrestre,Itambaracá,PR,2,Baixo,#f9f871
3323,Planta terrestre,Itambé,PR,5,Muito Alto,#d11a2a
3324,Planta terrestre,Itaperuçu,PR,5,Muito Alto,#d11a2a
3325,Planta terrestre,Itaúna Do Sul,PR,4,Alto,#ff7a43
3326,Planta terrestre,Ivaiporã,PR,4,Alto,#ff7a43
3327,Planta terrestre,Ivatuba,PR,4,Alto,#ff7a43
3328,Planta terrestre,Ivaté,PR,1,Muito Baixo,#00a6ca
3329,Planta terrestre,Jaboti,PR,3,Médio,#ffc44d
3330,Planta terrestre,Jacarezinho,PR,2,Baixo,#f9f871
3331,Planta terrestre,Jaguapitã,PR,1,Muito Baixo,#00a6ca
3332,Planta terrestre,Jaguariaíva,PR,4,Alto,#ff7a43
3333,Planta terrestre,Jandaia Do Sul,PR,3,Médio,#ffc44d
3334,Planta terrestre,Janiópolis,PR,1,Muito Baixo,#00a6ca
3335,Planta terrestre,Japira,PR,3,Médio,#ffc44d
3336,Planta terrestre,Japurá,PR,3,Médio,#ffc44d
3337,Planta terrestre,Jardim Alegre,PR,2,Baixo,#f9f871
3338,Planta terrestre,Jardim Olinda,PR,4,Alto,#ff7a43
3339,Planta terrestre,Jataizinho,PR,4,Alto,#ff7a43
3340,Planta terrestre,Jesuítas,PR,2,Baixo,#f9f871
3341,Planta terrestre,Joaquim Távora,PR,4,Alto,#ff7a43
3342,Planta terrestre,Jundiaí Do Sul,PR,3,Médio,#ffc44d
3343,Planta terrestre,Juranda,PR,5,Muito Alto,#d11a2a
3344,Planta terrestre,Kaloré,PR,3,Médio,#ffc44d
3345,Planta terrestre,Lapa,PR,3,Médio,#ffc44d
3346,Planta terrestre,Laranjal,PR,2,Baixo,#f9f871
3347,Planta terrestre,Laranjeiras Do Sul,PR,1,Muito Baixo,#00a6ca
3348,Planta terrestre,Leópolis,PR,1,Muito Baixo,#00a6ca
3349,Planta terrestre,Lidianópolis,PR,3,Médio,#ffc44d
3350,Planta terrestre,Lindoeste,PR,1,Muito Baixo,#00a6ca
3351,Planta terrestre,Loanda,PR,1,Muito Baixo,#00a6ca
3352,Planta terrestre,Lobato,PR,4,Alto,#ff7a43
3353,Planta terrestre,Londrina,PR,5,Muito Alto,#d11a2a
3354,Planta terrestre,Luiziana,PR,5,Muito Alto,#d11a2a
3355,Planta terrestre,Lunardelli,PR,4,Alto,#ff7a43
3356,Planta terrestre,Lupionópolis,PR,5,Muito Alto,#d11a2a
3357,Planta terrestre,Mallet,PR,3,Médio,#ffc44d
3358,Planta terrestre,Mandaguari,PR,1,Muito Baixo,#00a6ca
3359,Planta terrestre,Mandaguaçu,PR,2,Baixo,#f9f871
3360,Planta terrestre,Mandirituba,PR,5,Muito Alto,#d11a2a
3361,Planta terrestre,Mangueirinha,PR,1,Muito Baixo,#00a6ca
3362,Planta terrestre,Manoel Ribas,PR,1,Muito Baixo,#00a6ca
3363,Planta terrestre,Marechal Cândido Rondon,PR,1,Muito Baixo,#00a6ca
3364,Planta terrestre,Maria Helena,PR,1,Muito Baixo,#00a6ca
3365,Planta terrestre,Marialva,PR,4,Alto,#ff7a43
3366,Planta terrestre,Mariluz,PR,1,Muito Baixo,#00a6ca
3367,Planta terrestre,Marilândia Do Sul,PR,1,Muito Baixo,#00a6ca
3368,Planta terrestre,Maringá,PR,5,Muito Alto,#d11a2a
3369,Planta terrestre,Maripá,PR,2,Baixo,#f9f871
3370,Planta terrestre,Marmeleiro,PR,1,Muito Baixo,#00a6ca
3371,Planta terrestre,Marumbi,PR,4,Alto,#ff7a43
3372,Planta terrestre,Matelândia,PR,5,Muito Alto,#d11a2a
3373,Planta terrestre,Matinhos,PR,5,Muito Alto,#d11a2a
3374,Planta terrestre,Mato Rico,PR,4,Alto,#ff7a43
3375,Planta terrestre,Mauá Da Serra,PR,5,Muito Alto,#d11a2a
3376,Planta terrestre,Medianeira,PR,4,Alto,#ff7a43
3377,Planta terrestre,Mirador,PR,2,Baixo,#f9f871
3378,Planta terrestre,Miraselva,PR,4,Alto,#ff7a43
3379,Planta terrestre,Missal,PR,2,Baixo,#f9f871
3380,Planta terrestre,Moreira Sales,PR,4,Alto,#ff7a43
3381,Planta terrestre,Morretes,PR,5,Muito Alto,#d11a2a
3382,Planta terrestre,Munhoz De Melo,PR,3,Médio,#ffc44d
3383,Planta terrestre,Nossa Senhora Das Graças,PR,3,Médio,#ffc44d
3384,Planta terrestre,Nova Aliança Do Ivaí,PR,3,Médio,#ffc44d
3385,Planta terrestre,Nova América Da Colina,PR,4,Alto,#ff7a43
3386,Planta terrestre,Nova Aurora,PR,1,Muito Baixo,#00a6ca
3387,Planta terrestre,Nova Cantu,PR,3,Médio,#ffc44d
3388,Planta terrestre,Nova Esperança,PR,4,Alto,#ff7a43
3389,Planta terrestre,Nova Esperança Do Sudoeste,PR,2,Baixo,#f9f871
3390,Planta terrestre,Nova Fátima,PR,2,Baixo,#f9f871
3391,Planta terrestre,Nova Laranjeiras,PR,1,Muito Baixo,#00a6ca
3392,Planta terrestre,Nova Londrina,PR,3,Médio,#ffc44d
3393,Planta terrestre,Nova Olímpia,PR,5,Muito Alto,#d11a2a
3394,Planta terrestre,Nova Santa Bárbara,PR,5,Muito Alto,#d11a2a
3395,Planta terrestre,Nova Tebas,PR,4,Alto,#ff7a43
3396,Planta terrestre,Novo Itacolomi,PR,3,Médio,#ffc44d
3397,Planta terrestre,Ortigueira,PR,2,Baixo,#f9f871
3398,Planta terrestre,Ourizona,PR,3,Médio,#ffc44d
3399,Planta terrestre,Ouro Verde Do Oeste,PR,2,Baixo,#f9f871
3400,Planta terrestre,Paiçandu,PR,4,Alto,#ff7a43
3401,Planta terrestre,Palmas,PR,1,Muito Baixo,#00a6ca
3402,Planta terrestre,Palmeira,PR,5,Muito Alto,#d11a2a
3403,Planta terrestre,Palotina,PR,4,Alto,#ff7a43
3404,Planta terrestre,Paranacity,PR,1,Muito Baixo,#00a6ca
3405,Planta terrestre,Paranaguá,PR,5,Muito Alto,#d11a2a
3406,Planta terrestre,Paranapoema,PR,3,Médio,#ffc44d
3407,Planta terrestre,Paranavaí,PR,2,Baixo,#f9f871
3408,Planta terrestre,Paraíso Do Norte,PR,2,Baixo,#f9f871
3409,Planta terrestre,Pato Branco,PR,4,Alto,#ff7a43
3410,Planta terrestre,Paula Freitas,PR,1,Muito Baixo,#00a6ca
3411,Planta terrestre,Paulo Frontin,PR,1,Muito Baixo,#00a6ca
3412,Planta terrestre,Peabiru,PR,3,Médio,#ffc44d
3413,Planta terrestre,Perobal,PR,1,Muito Baixo,#00a6ca
3414,Planta terrestre,Pinhais,PR,5,Muito Alto,#d11a2a
3415,Planta terrestre,Pinhalão,PR,2,Baixo,#f9f871
3416,Planta terrestre,Pinhão,PR,2,Baixo,#f9f871
3417,Planta terrestre,Piraquara,PR,5,Muito Alto,#d11a2a
3418,Planta terrestre,Piraí Do Sul,PR,2,Baixo,#f9f871
3419,Planta terrestre,Pitanga,PR,2,Baixo,#f9f871
3420,Planta terrestre,Pitangueiras,PR,5,Muito Alto,#d11a2a
3421,Planta terrestre,Planalto,PR,4,Alto,#ff7a43
3422,Planta terrestre,Ponta Grossa,PR,5,Muito Alto,#d11a2a
3423,Planta terrestre,Pontal Do Paraná,PR,5,Muito Alto,#d11a2a
3424,Planta terrestre,Porto Amazonas,PR,4,Alto,#ff7a43
3425,Planta terrestre,Porto Rico,PR,5,Muito Alto,#d11a2a
3426,Planta terrestre,Prado Ferreira,PR,3,Médio,#ffc44d
3427,Planta terrestre,Presidente Castelo Branco,PR,4,Alto,#ff7a43
3428,Planta terrestre,Primeiro De Maio,PR,3,Médio,#ffc44d
3429,Planta terrestre,Prudentópolis,PR,1,Muito Baixo,#00a6ca
3430,Planta terrestre,Pérola,PR,2,Baixo,#f9f871
3431,Planta terrestre,Pérola D'oeste,PR,2,Baixo,#f9f871
3432,Planta terrestre,Quatiguá,PR,4,Alto,#ff7a43
3433,Planta terrestre,Quatro Barras,PR,5,Muito Alto,#d11a2a
3434,Planta terrestre,Quedas Do Iguaçu,PR,5,Muito Alto,#d11a2a
3435,Planta terrestre,Querência Do Norte,PR,1,Muito Baixo,#00a6ca
3436,Planta terrestre,Quinta Do Sol,PR,3,Médio,#ffc44d
3437,Planta terrestre,Quitandinha,PR,1,Muito Baixo,#00a6ca
3438,Planta terrestre,Ramilândia,PR,2,Baixo,#f9f871
3439,Planta terrestre,Rancho Alegre,PR,5,Muito Alto,#d11a2a
3440,Planta terrestre,Rancho Alegre D'oeste,PR,4,Alto,#ff7a43
3441,Planta terrestre,Realeza,PR,5,Muito Alto,#d11a2a
3442,Planta terrestre,Reserva,PR,2,Baixo,#f9f871
3443,Planta terrestre,Reserva Do Iguaçu,PR,1,Muito Baixo,#00a6ca
3444,Planta terrestre,Ribeirão Claro,PR,1,Muito Baixo,#00a6ca
3445,Planta terrestre,Ribeirão Do Pinhal,PR,3,Médio,#ffc44d
3446,Planta terrestre,Rio Azul,PR,1,Muito Baixo,#00a6ca
3447,Planta terrestre,Rio Bom,PR,3,Médio,#ffc44d
3448,Planta terrestre,Rio Branco Do Sul,PR,4,Alto,#ff7a43
3449,Planta terrestre,Rio Negro,PR,4,Alto,#ff7a43
3450,Planta terrestre,Rolândia,PR,5,Muito Alto,#d11a2a
3451,Planta terrestre,Roncador,PR,3,Médio,#ffc44d
3452,Planta terrestre,Rondon,PR,1,Muito Baixo,#00a6ca
3453,Planta terrestre,Rosário Do Ivaí,PR,1,Muito Baixo,#00a6ca
3454,Planta terrestre,Sabáudia,PR,3,Médio,#ffc44d
3455,Planta terrestre,Salgado Filho,PR,4,Alto,#ff7a43
3456,Planta terrestre,Salto Do Lontra,PR,2,Baixo,#f9f871
3457,Planta terrestre,Santa Amélia,PR,4,Alto,#ff7a43
3458,Planta terrestre,Santa Cecília Do Pavão,PR,4,Alto,#ff7a43
3459,Planta terrestre,Santa Cruz De Monte Castelo,PR,1,Muito Baixo,#00a6ca
3460,Planta terrestre,Santa Fé,PR,3,Médio,#ffc44d
3461,Planta terrestre,Santa Helena,PR,4,Alto,#ff7a43
3462,Planta terrestre,Santa Inês,PR,3,Médio,#ffc44d
3463,Planta terrestre,Santa Isabel Do Ivaí,PR,1,Muito Baixo,#00a6ca
3464,Planta terrestre,Santa Izabel Do Oeste,PR,2,Baixo,#f9f871
3465,Planta terrestre,Santa Mariana,PR,2,Baixo,#f9f871
3466,Planta terrestre,Santa Tereza Do Oeste,PR,4,Alto,#ff7a43
3467,Planta terrestre,Santa Terezinha De Itaipu,PR,3,Médio,#ffc44d
3468,Planta terrestre,Santana Do Itararé,PR,2,Baixo,#f9f871
3469,Planta terrestre,Santo Antônio Da Platina,PR,1,Muito Baixo,#00a6ca
3470,Planta terrestre,Santo Antônio Do Caiuá,PR,2,Baixo,#f9f871
3471,Planta terrestre,Santo Antônio Do Paraíso,PR,3,Médio,#ffc44d
3472,Planta terrestre,Santo Inácio,PR,2,Baixo,#f9f871
3473,Planta terrestre,Sapopema,PR,3,Médio,#ffc44d
3474,Planta terrestre,Sarandi,PR,4,Alto,#ff7a43
3475,Planta terrestre,Saudade Do Iguaçu,PR,3,Médio,#ffc44d
3476,Planta terrestre,Sengés,PR,2,Baixo,#f9f871
3477,Planta terrestre,Serranópolis Do Iguaçu,PR,3,Médio,#ffc44d
3478,Planta terrestre,Sertaneja,PR,3,Médio,#ffc44d
3479,Planta terrestre,Sertanópolis,PR,1,Muito Baixo,#00a6ca
3480,Planta terrestre,Siqueira Campos,PR,3,Médio,#ffc44d
3481,Planta terrestre,São Carlos Do Ivaí,PR,4,Alto,#ff7a43
3482,Planta terrestre,São Jerônimo Da Serra,PR,1,Muito Baixo,#00a6ca
3483,Planta terrestre,São Jorge Do Ivaí,PR,2,Baixo,#f9f871
3484,Planta terrestre,São Jorge Do Patrocínio,PR,5,Muito Alto,#d11a2a
3485,Planta terrestre,São José Da Boa Vista,PR,3,Médio,#ffc44d
3486,Planta terrestre,São José Das Palmeiras,PR,3,Médio,#ffc44d
3487,Planta terrestre,São José Dos Pinhais,PR,5,Muito Alto,#d11a2a
3488,Planta terrestre,São João Do Caiuá,PR,2,Baixo,#f9f871
3489,Planta terrestre,São João Do Ivaí,PR,1,Muito Baixo,#00a6ca
3490,Planta terrestre,São João Do Triunfo,PR,4,Alto,#ff7a43
3491,Planta terrestre,São Manoel Do Paraná,PR,4,Alto,#ff7a43
3492,Planta terrestre,São Mateus Do Sul,PR,1,Muito Baixo,#00a6ca
3493,Planta terrestre,São Miguel Do Iguaçu,PR,5,Muito Alto,#d11a2a
3494,Planta terrestre,São Pedro Do Iguaçu,PR,2,Baixo,#f9f871
3495,Planta terrestre,São Pedro Do Paraná,PR,5,Muito Alto,#d11a2a
3496,Planta terrestre,São Sebastião Da Amoreira,PR,2,Baixo,#f9f871
3497,Planta terrestre,Tamarana,PR,3,Médio,#ffc44d
3498,Planta terrestre,Tamboara,PR,3,Médio,#ffc44d
3499,Planta terrestre,Tapejara,PR,1,Muito Baixo,#00a6ca
3500,Planta terrestre,Tapira,PR,1,Muito Baixo,#00a6ca
3501,Planta terrestre,Teixeira Soares,PR,3,Médio,#ffc44d
3502,Planta terrestre,Telêmaco Borba,PR,4,Alto,#ff7a43
3503,Planta terrestre,Terra Boa,PR,3,Médio,#ffc44d
3504,Planta terrestre,Terra Rica,PR,2,Baixo,#f9f871
3505,Planta terrestre,Terra Roxa,PR,1,Muito Baixo,#00a6ca
3506,Planta terrestre,Tibagi,PR,3,Médio,#ffc44d
3507,Planta terrestre,Tijucas Do Sul,PR,5,Muito Alto,#d11a2a
3508,Planta terrestre,Toledo,PR,1,Muito Baixo,#00a6ca
3509,Planta terrestre,Tomazina,PR,3,Médio,#ffc44d
3510,Planta terrestre,Três Barras Do Paraná,PR,2,Baixo,#f9f871
3511,Planta terrestre,Tunas Do Paraná,PR,4,Alto,#ff7a43
3512,Planta terrestre,Tuneiras Do Oeste,PR,4,Alto,#ff7a43
3513,Planta terrestre,Tupãssi,PR,2,Baixo,#f9f871
3514,Planta terrestre,Turvo,PR,2,Baixo,#f9f871
3515,Planta terrestre,Ubiratã,PR,5,Muito Alto,#d11a2a
3516,Planta terrestre,Umuarama,PR,1,Muito Baixo,#00a6ca
3517,Planta terrestre,Uniflor,PR,4,Alto,#ff7a43
3518,Planta terrestre,União Da Vitória,PR,4,Alto,#ff7a43
3519,Planta terrestre,Uraí,PR,2,Baixo,#f9f871
3520,Planta terrestre,Ventania,PR,4,Alto,#ff7a43
3521,Planta terrestre,Vera Cruz Do Oeste,PR,3,Médio,#ffc44d
3522,Planta terrestre,Wenceslau Braz,PR,3,Médio,#ffc44d
3523,Planta terrestre,Xambrê,PR,4,Alto,#ff7a43
3524,Planta terrestre,Abatiá,PR,,Deficiente de dados,#808080
3525,Planta terrestre,Amaporã,PR,,Deficiente de dados,#808080
3526,Planta terrestre,Ampére,PR,,Deficiente de dados,#808080
3527,Planta terrestre,Ângulo,PR,,Deficiente de dados,#808080
3528,Planta terrestre,Arapuã,PR,,Deficiente de dados,#808080
3529,Planta terrestre,Ariranha Do Ivaí,PR,,Deficiente de dados,#808080
3530,Planta terrestre,Barracão,PR,,Deficiente de dados,#808080
3531,Planta terrestre,Bela Vista Da Caroba,PR,,Deficiente de dados,#808080
3532,Planta terrestre,Boa Esperança,PR,,Deficiente de dados,#808080
3533,Planta terrestre,Boa Esperança Do Iguaçu,PR,,Deficiente de dados,#808080
3534,Planta terrestre,Bom Jesus Do Sul,PR,,Deficiente de dados,#808080
3535,Planta terrestre,Bom Sucesso Do Sul,PR,,Deficiente de dados,#808080
3536,Planta terrestre,Brasilândia Do Sul,PR,,Deficiente de dados,#808080
3537,Planta terrestre,Campina Do Simão,PR,,Deficiente de dados,#808080
3538,Planta terrestre,Campo Bonito,PR,,Deficiente de dados,#808080
3539,Planta terrestre,Campo Magro,PR,,Deficiente de dados,#808080
3540,Planta terrestre,Clevelândia,PR,,Deficiente de dados,#808080
3541,Planta terrestre,Coronel Domingos Soares,PR,,Deficiente de dados,#808080
3542,Planta terrestre,Diamante Do Sul,PR,,Deficiente de dados,#808080
3543,Planta terrestre,Enéas Marques,PR,,Deficiente de dados,#808080
3544,Planta terrestre,Esperança Nova,PR,,Deficiente de dados,#808080
3545,Planta terrestre,Espigão Alto Do Iguaçu,PR,,Deficiente de dados,#808080
3546,Planta terrestre,Flor Da Serra Do Sul,PR,,Deficiente de dados,#808080
3547,Planta terrestre,Florestópolis,PR,,Deficiente de dados,#808080
3548,Planta terrestre,Foz Do Jordão,PR,,Deficiente de dados,#808080
3549,Planta terrestre,Guaporema,PR,,Deficiente de dados,#808080
3550,Planta terrestre,Honório Serpa,PR,,Deficiente de dados,#808080
3551,Planta terrestre,Inácio Martins,PR,,Deficiente de dados,#808080
3552,Planta terrestre,Ipiranga,PR,,Deficiente de dados,#808080
3553,Planta terrestre,Itapejara D'oeste,PR,,Deficiente de dados,#808080
3554,Planta terrestre,Ivaí,PR,,Deficiente de dados,#808080
3555,Planta terrestre,Jussara,PR,,Deficiente de dados,#808080
3556,Planta terrestre,Mamborê,PR,,Deficiente de dados,#808080
3557,Planta terrestre,Manfrinópolis,PR,,Deficiente de dados,#808080
3558,Planta terrestre,Marilena,PR,,Deficiente de dados,#808080
3559,Planta terrestre,Mariópolis,PR,,Deficiente de dados,#808080
3560,Planta terrestre,Marquinho,PR,,Deficiente de dados,#808080
3561,Planta terrestre,Mercedes,PR,,Deficiente de dados,#808080
3562,Planta terrestre,Nova Santa Rosa,PR,,Deficiente de dados,#808080
3563,Planta terrestre,Nova Prata Do Iguaçu,PR,,Deficiente de dados,#808080
3564,Planta terrestre,Palmital,PR,,Deficiente de dados,#808080
3565,Planta terrestre,Pato Bragado,PR,,Deficiente de dados,#808080
3566,Planta terrestre,Piên,PR,,Deficiente de dados,#808080
3567,Planta terrestre,Pinhal De São Bento,PR,,Deficiente de dados,#808080
3568,Planta terrestre,Planaltina Do Paraná,PR,,Deficiente de dados,#808080
3569,Planta terrestre,Porecatu,PR,,Deficiente de dados,#808080
3570,Planta terrestre,Porto Barreiro,PR,,Deficiente de dados,#808080
3571,Planta terrestre,Porto Vitória,PR,,Deficiente de dados,#808080
3572,Planta terrestre,Pranchita,PR,,Deficiente de dados,#808080
3573,Planta terrestre,Quarto Centenário,PR,,Deficiente de dados,#808080
3574,Planta terrestre,Quatro Pontes,PR,,Deficiente de dados,#808080
3575,Planta terrestre,Rebouças,PR,,Deficiente de dados,#808080
3576,Planta terrestre,Renascença,PR,,Deficiente de dados,#808080
3577,Planta terrestre,Rio Bonito Do Iguaçu,PR,,Deficiente de dados,#808080
3578,Planta terrestre,Rio Branco Do Ivaí,PR,,Deficiente de dados,#808080
3579,Planta terrestre,Salto Do Itararé,PR,,Deficiente de dados,#808080
3580,Planta terrestre,Santa Lúcia,PR,,Deficiente de dados,#808080
3581,Planta terrestre,Santa Maria Do Oeste,PR,,Deficiente de dados,#808080
3582,Planta terrestre,Santa Mônica,PR,,Deficiente de dados,#808080
3583,Planta terrestre,Santo Antônio Do Sudoeste,PR,,Deficiente de dados,#808080
3584,Planta terrestre,São João,PR,,Deficiente de dados,#808080
3585,Planta terrestre,São Jorge D'oeste,PR,,Deficiente de dados,#808080
3586,Planta terrestre,São Pedro Do Ivaí,PR,,Deficiente de dados,#808080
3587,Planta terrestre,São Tomé,PR,,Deficiente de dados,#808080
3588,Planta terrestre,Sulina,PR,,Deficiente de dados,#808080
3589,Planta terrestre,Verê,PR,,Deficiente de dados,#808080
3590,Planta terrestre,Virmond,PR,,Deficiente de dados,#808080
3591,Planta terrestre,Vitorino,PR,,Deficiente de dados,#808080
3592,Vertebrado terrestre,Adrianópolis,PR,3,Médio,#ffc44d
3593,Vertebrado terrestre,Agudos Do Sul,PR,3,Médio,#ffc44d
3594,Vertebrado terrestre,Almirante Tamandaré,PR,5,Muito Alto,#d11a2a
3595,Vertebrado terrestre,Alto Paraíso,PR,2,Baixo,#f9f871
3596,Vertebrado terrestre,Alto Piquiri,PR,1,Muito Baixo,#00a6ca
3597,Vertebrado terrestre,Altônia,PR,3,Médio,#ffc44d
3598,Vertebrado terrestre,Alvorada Do Sul,PR,2,Baixo,#f9f871
3599,Vertebrado terrestre,Amaporã,PR,4,Alto,#ff7a43
3600,Vertebrado terrestre,Andirá,PR,4,Alto,#ff7a43
3601,Vertebrado terrestre,Antonina,PR,5,Muito Alto,#d11a2a
3602,Vertebrado terrestre,Antônio Olinto,PR,1,Muito Baixo,#00a6ca
3603,Vertebrado terrestre,Apucarana,PR,5,Muito Alto,#d11a2a
3604,Vertebrado terrestre,Arapongas,PR,5,Muito Alto,#d11a2a
3605,Vertebrado terrestre,Arapoti,PR,1,Muito Baixo,#00a6ca
3606,Vertebrado terrestre,Araruna,PR,1,Muito Baixo,#00a6ca
3607,Vertebrado terrestre,Araucária,PR,5,Muito Alto,#d11a2a
3608,Vertebrado terrestre,Assaí,PR,3,Médio,#ffc44d
3609,Vertebrado terrestre,Assis Chateaubriand,PR,1,Muito Baixo,#00a6ca
3610,Vertebrado terrestre,Balsa Nova,PR,5,Muito Alto,#d11a2a
3611,Vertebrado terrestre,Bandeirantes,PR,4,Alto,#ff7a43
3612,Vertebrado terrestre,Barra Do Jacaré,PR,4,Alto,#ff7a43
3613,Vertebrado terrestre,Bela Vista Do Paraíso,PR,2,Baixo,#f9f871
3614,Vertebrado terrestre,Bituruna,PR,1,Muito Baixo,#00a6ca
3615,Vertebrado terrestre,Boa Esperança,PR,2,Baixo,#f9f871
3616,Vertebrado terrestre,Boa Ventura De São Roque,PR,2,Baixo,#f9f871
3617,Vertebrado terrestre,Bocaiúva Do Sul,PR,2,Baixo,#f9f871
3618,Vertebrado terrestre,Bom Jesus Do Sul,PR,3,Médio,#ffc44d
3619,Vertebrado terrestre,Bom Sucesso,PR,3,Médio,#ffc44d
3620,Vertebrado terrestre,Borrazópolis,PR,2,Baixo,#f9f871
3621,Vertebrado terrestre,Califórnia,PR,5,Muito Alto,#d11a2a
3622,Vertebrado terrestre,Cambará,PR,5,Muito Alto,#d11a2a
3623,Vertebrado terrestre,Cambira,PR,4,Alto,#ff7a43
3624,Vertebrado terrestre,Cambé,PR,5,Muito Alto,#d11a2a
3625,Vertebrado terrestre,Campina Do Simão,PR,4,Alto,#ff7a43
3626,Vertebrado terrestre,Campina Grande Do Sul,PR,5,Muito Alto,#d11a2a
3627,Vertebrado terrestre,Campo Do Tenente,PR,4,Alto,#ff7a43
3628,Vertebrado terrestre,Campo Largo,PR,4,Alto,#ff7a43
3629,Vertebrado terrestre,Campo Magro,PR,4,Alto,#ff7a43
3630,Vertebrado terrestre,Campo Mourão,PR,5,Muito Alto,#d11a2a
3631,Vertebrado terrestre,Candói,PR,1,Muito Baixo,#00a6ca
3632,Vertebrado terrestre,Capanema,PR,4,Alto,#ff7a43
3633,Vertebrado terrestre,Capitão Leônidas Marques,PR,2,Baixo,#f9f871
3634,Vertebrado terrestre,Carambeí,PR,4,Alto,#ff7a43
3635,Vertebrado terrestre,Cascavel,PR,3,Médio,#ffc44d
3636,Vertebrado terrestre,Castro,PR,2,Baixo,#f9f871
3637,Vertebrado terrestre,Centenário Do Sul,PR,4,Alto,#ff7a43
3638,Vertebrado terrestre,Cerro Azul,PR,1,Muito Baixo,#00a6ca
3639,Vertebrado terrestre,Chopinzinho,PR,1,Muito Baixo,#00a6ca
3640,Vertebrado terrestre,Cianorte,PR,4,Alto,#ff7a43
3641,Vertebrado terrestre,Cidade Gaúcha,PR,4,Alto,#ff7a43
3642,Vertebrado terrestre,Clevelândia,PR,2,Baixo,#f9f871
3643,Vertebrado terrestre,Colombo,PR,5,Muito Alto,#d11a2a
3644,Vertebrado terrestre,Colorado,PR,2,Baixo,#f9f871
3645,Vertebrado terrestre,Corbélia,PR,4,Alto,#ff7a43
3646,Vertebrado terrestre,Cornélio Procópio,PR,4,Alto,#ff7a43
3647,Vertebrado terrestre,Coronel Domingos Soares,PR,1,Muito Baixo,#00a6ca
3648,Vertebrado terrestre,Cruz Machado,PR,1,Muito Baixo,#00a6ca
3649,Vertebrado terrestre,Cruzeiro Do Iguaçu,PR,3,Médio,#ffc44d
3650,Vertebrado terrestre,Cruzeiro Do Oeste,PR,3,Médio,#ffc44d
3651,Vertebrado terrestre,Curitiba,PR,5,Muito Alto,#d11a2a
3652,Vertebrado terrestre,Cândido De Abreu,PR,1,Muito Baixo,#00a6ca
3653,Vertebrado terrestre,Céu Azul,PR,2,Baixo,#f9f871
3654,Vertebrado terrestre,Diamante D'oeste,PR,4,Alto,#ff7a43
3655,Vertebrado terrestre,Diamante Do Norte,PR,5,Muito Alto,#d11a2a
3656,Vertebrado terrestre,Diamante Do Sul,PR,3,Médio,#ffc44d
3657,Vertebrado terrestre,Dois Vizinhos,PR,4,Alto,#ff7a43
3658,Vertebrado terrestre,Doutor Camargo,PR,5,Muito Alto,#d11a2a
3659,Vertebrado terrestre,Faxinal,PR,2,Baixo,#f9f871
3660,Vertebrado terrestre,Fazenda Rio Grande,PR,5,Muito Alto,#d11a2a
3661,Vertebrado terrestre,Fernandes Pinheiro,PR,5,Muito Alto,#d11a2a
3662,Vertebrado terrestre,Floresta,PR,4,Alto,#ff7a43
3663,Vertebrado terrestre,Foz Do Iguaçu,PR,5,Muito Alto,#d11a2a
3664,Vertebrado terrestre,Foz Do Jordão,PR,2,Baixo,#f9f871
3665,Vertebrado terrestre,Francisco Alves,PR,2,Baixo,#f9f871
3666,Vertebrado terrestre,Francisco Beltrão,PR,2,Baixo,#f9f871
3667,Vertebrado terrestre,Fênix,PR,5,Muito Alto,#d11a2a
3668,Vertebrado terrestre,General Carneiro,PR,1,Muito Baixo,#00a6ca
3669,Vertebrado terrestre,Guaporema,PR,2,Baixo,#f9f871
3670,Vertebrado terrestre,Guarapuava,PR,1,Muito Baixo,#00a6ca
3671,Vertebrado terrestre,Guaraqueçaba,PR,3,Médio,#ffc44d
3672,Vertebrado terrestre,Guaratuba,PR,4,Alto,#ff7a43
3673,Vertebrado terrestre,Guaíra,PR,3,Médio,#ffc44d
3674,Vertebrado terrestre,Ibaiti,PR,1,Muito Baixo,#00a6ca
3675,Vertebrado terrestre,Ibiporã,PR,5,Muito Alto,#d11a2a
3676,Vertebrado terrestre,Icaraíma,PR,2,Baixo,#f9f871
3677,Vertebrado terrestre,Imbaú,PR,4,Alto,#ff7a43
3678,Vertebrado terrestre,Imbituva,PR,1,Muito Baixo,#00a6ca
3679,Vertebrado terrestre,Inajá,PR,4,Alto,#ff7a43
3680,Vertebrado terrestre,Inácio Martins,PR,1,Muito Baixo,#00a6ca
3681,Vertebrado terrestre,Ipiranga,PR,3,Médio,#ffc44d
3682,Vertebrado terrestre,Iporã,PR,1,Muito Baixo,#00a6ca
3683,Vertebrado terrestre,Irati,PR,3,Médio,#ffc44d
3684,Vertebrado terrestre,Iretama,PR,2,Baixo,#f9f871
3685,Vertebrado terrestre,Itaipulândia,PR,2,Baixo,#f9f871
3686,Vertebrado terrestre,Itambaracá,PR,2,Baixo,#f9f871
3687,Vertebrado terrestre,Itapejara D'oeste,PR,2,Baixo,#f9f871
3688,Vertebrado terrestre,Itaperuçu,PR,4,Alto,#ff7a43
3689,Vertebrado terrestre,Itaúna Do Sul,PR,5,Muito Alto,#d11a2a
3690,Vertebrado terrestre,Jacarezinho,PR,2,Baixo,#f9f871
3691,Vertebrado terrestre,Jaguariaíva,PR,2,Baixo,#f9f871
3692,Vertebrado terrestre,Jandaia Do Sul,PR,4,Alto,#ff7a43
3693,Vertebrado terrestre,Jataizinho,PR,5,Muito Alto,#d11a2a
3694,Vertebrado terrestre,Juranda,PR,1,Muito Baixo,#00a6ca
3695,Vertebrado terrestre,Jussara,PR,2,Baixo,#f9f871
3696,Vertebrado terrestre,Lapa,PR,1,Muito Baixo,#00a6ca
3697,Vertebrado terrestre,Laranjal,PR,1,Muito Baixo,#00a6ca
3698,Vertebrado terrestre,Leópolis,PR,1,Muito Baixo,#00a6ca
3699,Vertebrado terrestre,Lindoeste,PR,4,Alto,#ff7a43
3700,Vertebrado terrestre,Londrina,PR,4,Alto,#ff7a43
3701,Vertebrado terrestre,Luiziana,PR,2,Baixo,#f9f871
3702,Vertebrado terrestre,Lunardelli,PR,3,Médio,#ffc44d
3703,Vertebrado terrestre,Mallet,PR,1,Muito Baixo,#00a6ca
3704,Vertebrado terrestre,Mandaguari,PR,4,Alto,#ff7a43
3705,Vertebrado terrestre,Mandaguaçu,PR,3,Médio,#ffc44d
3706,Vertebrado terrestre,Mandirituba,PR,1,Muito Baixo,#00a6ca
3707,Vertebrado terrestre,Mangueirinha,PR,1,Muito Baixo,#00a6ca
3708,Vertebrado terrestre,Manoel Ribas,PR,2,Baixo,#f9f871
3709,Vertebrado terrestre,Marechal Cândido Rondon,PR,3,Médio,#ffc44d
3710,Vertebrado terrestre,Maria Helena,PR,2,Baixo,#f9f871
3711,Vertebrado terrestre,Marialva,PR,4,Alto,#ff7a43
3712,Vertebrado terrestre,Marilena,PR,5,Muito Alto,#d11a2a
3713,Vertebrado terrestre,Mariluz,PR,1,Muito Baixo,#00a6ca
3714,Vertebrado terrestre,Marilândia Do Sul,PR,5,Muito Alto,#d11a2a
3715,Vertebrado terrestre,Maringá,PR,5,Muito Alto,#d11a2a
3716,Vertebrado terrestre,Maripá,PR,3,Médio,#ffc44d
3717,Vertebrado terrestre,Marmeleiro,PR,1,Muito Baixo,#00a6ca
3718,Vertebrado terrestre,Matelândia,PR,5,Muito Alto,#d11a2a
3719,Vertebrado terrestre,Matinhos,PR,5,Muito Alto,#d11a2a
3720,Vertebrado terrestre,Mato Rico,PR,5,Muito Alto,#d11a2a
3721,Vertebrado terrestre,Mauá Da Serra,PR,5,Muito Alto,#d11a2a
3722,Vertebrado terrestre,Medianeira,PR,4,Alto,#ff7a43
3723,Vertebrado terrestre,Missal,PR,2,Baixo,#f9f871
3724,Vertebrado terrestre,Moreira Sales,PR,3,Médio,#ffc44d
3725,Vertebrado terrestre,Morretes,PR,5,Muito Alto,#d11a2a
3726,Vertebrado terrestre,Nova Aurora,PR,4,Alto,#ff7a43
3727,Vertebrado terrestre,Nova Cantu,PR,3,Médio,#ffc44d
3728,Vertebrado terrestre,Nova Laranjeiras,PR,1,Muito Baixo,#00a6ca
3729,Vertebrado terrestre,Nova Olímpia,PR,5,Muito Alto,#d11a2a
3730,Vertebrado terrestre,Nova Prata Do Iguaçu,PR,1,Muito Baixo,#00a6ca
3731,Vertebrado terrestre,Nova Tebas,PR,3,Médio,#ffc44d
3732,Vertebrado terrestre,Ortigueira,PR,1,Muito Baixo,#00a6ca
3733,Vertebrado terrestre,Paiçandu,PR,3,Médio,#ffc44d
3734,Vertebrado terrestre,Palmas,PR,3,Médio,#ffc44d
3735,Vertebrado terrestre,Palmeira,PR,3,Médio,#ffc44d
3736,Vertebrado terrestre,Palmital,PR,2,Baixo,#f9f871
3737,Vertebrado terrestre,Palotina,PR,4,Alto,#ff7a43
3738,Vertebrado terrestre,Paranacity,PR,1,Muito Baixo,#00a6ca
3739,Vertebrado terrestre,Paranaguá,PR,5,Muito Alto,#d11a2a
3740,Vertebrado terrestre,Paranavaí,PR,2,Baixo,#f9f871
3741,Vertebrado terrestre,Pato Bragado,PR,4,Alto,#ff7a43
3742,Vertebrado terrestre,Pato Branco,PR,2,Baixo,#f9f871
3743,Vertebrado terrestre,Paulo Frontin,PR,3,Médio,#ffc44d
3744,Vertebrado terrestre,Peabiru,PR,2,Baixo,#f9f871
3745,Vertebrado terrestre,Pinhais,PR,5,Muito Alto,#d11a2a
3746,Vertebrado terrestre,Pinhão,PR,3,Médio,#ffc44d
3747,Vertebrado terrestre,Piraquara,PR,5,Muito Alto,#d11a2a
3748,Vertebrado terrestre,Piraí Do Sul,PR,2,Baixo,#f9f871
3749,Vertebrado terrestre,Pitanga,PR,2,Baixo,#f9f871
3750,Vertebrado terrestre,Planaltina Do Paraná,PR,3,Médio,#ffc44d
3751,Vertebrado terrestre,Ponta Grossa,PR,3,Médio,#ffc44d
3752,Vertebrado terrestre,Pontal Do Paraná,PR,5,Muito Alto,#d11a2a
3753,Vertebrado terrestre,Porecatu,PR,3,Médio,#ffc44d
3754,Vertebrado terrestre,Porto Amazonas,PR,5,Muito Alto,#d11a2a
3755,Vertebrado terrestre,Porto Rico,PR,5,Muito Alto,#d11a2a
3756,Vertebrado terrestre,Prudentópolis,PR,1,Muito Baixo,#00a6ca
3757,Vertebrado terrestre,Quatiguá,PR,4,Alto,#ff7a43
3758,Vertebrado terrestre,Quatro Barras,PR,5,Muito Alto,#d11a2a
3759,Vertebrado terrestre,Querência Do Norte,PR,1,Muito Baixo,#00a6ca
3760,Vertebrado terrestre,Quitandinha,PR,3,Médio,#ffc44d
3761,Vertebrado terrestre,Rancho Alegre,PR,3,Médio,#ffc44d
3762,Vertebrado terrestre,Realeza,PR,5,Muito Alto,#d11a2a
3763,Vertebrado terrestre,Reserva,PR,1,Muito Baixo,#00a6ca
3764,Vertebrado terrestre,Reserva Do Iguaçu,PR,4,Alto,#ff7a43
3765,Vertebrado terrestre,Ribeirão Claro,PR,2,Baixo,#f9f871
3766,Vertebrado terrestre,Rio Azul,PR,2,Baixo,#f9f871
3767,Vertebrado terrestre,Rio Bonito Do Iguaçu,PR,1,Muito Baixo,#00a6ca
3768,Vertebrado terrestre,Rio Branco Do Sul,PR,1,Muito Baixo,#00a6ca
3769,Vertebrado terrestre,Rio Negro,PR,2,Baixo,#f9f871
3770,Vertebrado terrestre,Rolândia,PR,4,Alto,#ff7a43
3771,Vertebrado terrestre,Roncador,PR,3,Médio,#ffc44d
3772,Vertebrado terrestre,Rondon,PR,1,Muito Baixo,#00a6ca
3773,Vertebrado terrestre,Sabáudia,PR,3,Médio,#ffc44d
3774,Vertebrado terrestre,Salto Do Lontra,PR,3,Médio,#ffc44d
3775,Vertebrado terrestre,Santa Fé,PR,4,Alto,#ff7a43
3776,Vertebrado terrestre,Santa Helena,PR,3,Médio,#ffc44d
3777,Vertebrado terrestre,Santa Izabel Do Oeste,PR,2,Baixo,#f9f871
3778,Vertebrado terrestre,Santa Maria Do Oeste,PR,1,Muito Baixo,#00a6ca
3779,Vertebrado terrestre,Santa Mariana,PR,4,Alto,#ff7a43
3780,Vertebrado terrestre,Santa Tereza Do Oeste,PR,4,Alto,#ff7a43
3781,Vertebrado terrestre,Santa Terezinha De Itaipu,PR,5,Muito Alto,#d11a2a
3782,Vertebrado terrestre,Santo Antônio Da Platina,PR,1,Muito Baixo,#00a6ca
3783,Vertebrado terrestre,Santo Antônio Do Caiuá,PR,2,Baixo,#f9f871
3784,Vertebrado terrestre,Sarandi,PR,5,Muito Alto,#d11a2a
3785,Vertebrado terrestre,Sengés,PR,2,Baixo,#f9f871
3786,Vertebrado terrestre,Serranópolis Do Iguaçu,PR,4,Alto,#ff7a43
3787,Vertebrado terrestre,Sertaneja,PR,2,Baixo,#f9f871
3788,Vertebrado terrestre,Sertanópolis,PR,3,Médio,#ffc44d
3789,Vertebrado terrestre,Sulina,PR,4,Alto,#ff7a43
3790,Vertebrado terrestre,São Jorge D'oeste,PR,1,Muito Baixo,#00a6ca
3791,Vertebrado terrestre,São Jorge Do Ivaí,PR,3,Médio,#ffc44d
3792,Vertebrado terrestre,São Jorge Do Patrocínio,PR,5,Muito Alto,#d11a2a
3793,Vertebrado terrestre,São José Dos Pinhais,PR,5,Muito Alto,#d11a2a
3794,Vertebrado terrestre,São João,PR,1,Muito Baixo,#00a6ca
3795,Vertebrado terrestre,São João Do Triunfo,PR,1,Muito Baixo,#00a6ca
3796,Vertebrado terrestre,São Manoel Do Paraná,PR,4,Alto,#ff7a43
3797,Vertebrado terrestre,São Mateus Do Sul,PR,3,Médio,#ffc44d
3798,Vertebrado terrestre,São Miguel Do Iguaçu,PR,3,Médio,#ffc44d
3799,Vertebrado terrestre,São Pedro Do Iguaçu,PR,3,Médio,#ffc44d
3800,Vertebrado terrestre,São Pedro Do Ivaí,PR,3,Médio,#ffc44d
3801,Vertebrado terrestre,São Pedro Do Paraná,PR,2,Baixo,#f9f871
3802,Vertebrado terrestre,São Tomé,PR,5,Muito Alto,#d11a2a
3803,Vertebrado terrestre,Tamarana,PR,3,Médio,#ffc44d
3804,Vertebrado terrestre,Tapejara,PR,3,Médio,#ffc44d
3805,Vertebrado terrestre,Tapira,PR,1,Muito Baixo,#00a6ca
3806,Vertebrado terrestre,Teixeira Soares,PR,3,Médio,#ffc44d
3807,Vertebrado terrestre,Telêmaco Borba,PR,3,Médio,#ffc44d
3808,Vertebrado terrestre,Terra Roxa,PR,1,Muito Baixo,#00a6ca
3809,Vertebrado terrestre,Tibagi,PR,2,Baixo,#f9f871
3810,Vertebrado terrestre,Tijucas Do Sul,PR,4,Alto,#ff7a43
3811,Vertebrado terrestre,Toledo,PR,3,Médio,#ffc44d
3812,Vertebrado terrestre,Tomazina,PR,4,Alto,#ff7a43
3813,Vertebrado terrestre,Três Barras Do Paraná,PR,4,Alto,#ff7a43
3814,Vertebrado terrestre,Tunas Do Paraná,PR,2,Baixo,#f9f871
3815,Vertebrado terrestre,Tuneiras Do Oeste,PR,5,Muito Alto,#d11a2a
3816,Vertebrado terrestre,Umuarama,PR,1,Muito Baixo,#00a6ca
3817,Vertebrado terrestre,União Da Vitória,PR,1,Muito Baixo,#00a6ca
3818,Vertebrado terrestre,Uraí,PR,4,Alto,#ff7a43
3819,Vertebrado terrestre,Ventania,PR,1,Muito Baixo,#00a6ca
3820,Vertebrado terrestre,Vera Cruz Do Oeste,PR,4,Alto,#ff7a43
3821,Vertebrado terrestre,Verê,PR,5,Muito Alto,#d11a2a
3822,Vertebrado terrestre,Virmond,PR,2,Baixo,#f9f871
3823,Vertebrado terrestre,Vitorino,PR,2,Baixo,#f9f871
3824,Vertebrado terrestre,Xambrê,PR,3,Médio,#ffc44d
3825,Vertebrado terrestre,Abatiá,PR,,Deficiente de dados,#808080
3826,Vertebrado terrestre,Altamira Do Paraná,PR,,Deficiente de dados,#808080
3827,Vertebrado terrestre,Alto Paraná,PR,,Deficiente de dados,#808080
3828,Vertebrado terrestre,Ampére,PR,,Deficiente de dados,#808080
3829,Vertebrado terrestre,Anahy,PR,,Deficiente de dados,#808080
3830,Vertebrado terrestre,Ângulo,PR,,Deficiente de dados,#808080
3831,Vertebrado terrestre,Arapuã,PR,,Deficiente de dados,#808080
3832,Vertebrado terrestre,Ariranha Do Ivaí,PR,,Deficiente de dados,#808080
3833,Vertebrado terrestre,Astorga,PR,,Deficiente de dados,#808080
3834,Vertebrado terrestre,Atalaia,PR,,Deficiente de dados,#808080
3835,Vertebrado terrestre,Barbosa Ferraz,PR,,Deficiente de dados,#808080
3836,Vertebrado terrestre,Barracão,PR,,Deficiente de dados,#808080
3837,Vertebrado terrestre,Bela Vista Da Caroba,PR,,Deficiente de dados,#808080
3838,Vertebrado terrestre,Boa Esperança Do Iguaçu,PR,,Deficiente de dados,#808080
3839,Vertebrado terrestre,Boa Vista Da Aparecida,PR,,Deficiente de dados,#808080
3840,Vertebrado terrestre,Bom Sucesso Do Sul,PR,,Deficiente de dados,#808080
3841,Vertebrado terrestre,Braganey,PR,,Deficiente de dados,#808080
3842,Vertebrado terrestre,Brasilândia Do Sul,PR,,Deficiente de dados,#808080
3843,Vertebrado terrestre,Cafeara,PR,,Deficiente de dados,#808080
3844,Vertebrado terrestre,Cafelândia,PR,,Deficiente de dados,#808080
3845,Vertebrado terrestre,Cafezal Do Sul,PR,,Deficiente de dados,#808080
3846,Vertebrado terrestre,Campina Da Lagoa,PR,,Deficiente de dados,#808080
3847,Vertebrado terrestre,Campo Bonito,PR,,Deficiente de dados,#808080
3848,Vertebrado terrestre,Cantagalo,PR,,Deficiente de dados,#808080
3849,Vertebrado terrestre,Carlópolis,PR,,Deficiente de dados,#808080
3850,Vertebrado terrestre,Catanduvas,PR,,Deficiente de dados,#808080
3851,Vertebrado terrestre,Congonhinhas,PR,,Deficiente de dados,#808080
3852,Vertebrado terrestre,Conselheiro Mairinck,PR,,Deficiente de dados,#808080
3853,Vertebrado terrestre,Contenda,PR,,Deficiente de dados,#808080
3854,Vertebrado terrestre,Coronel Vivida,PR,,Deficiente de dados,#808080
3855,Vertebrado terrestre,Corumbataí Do Sul,PR,,Deficiente de dados,#808080
3856,Vertebrado terrestre,Cruzeiro Do Sul,PR,,Deficiente de dados,#808080
3857,Vertebrado terrestre,Cruzmaltina,PR,,Deficiente de dados,#808080
3858,Vertebrado terrestre,Curiúva,PR,,Deficiente de dados,#808080
3859,Vertebrado terrestre,Douradina,PR,,Deficiente de dados,#808080
3860,Vertebrado terrestre,Enéas Marques,PR,,Deficiente de dados,#808080
3861,Vertebrado terrestre,Engenheiro Beltrão,PR,,Deficiente de dados,#808080
3862,Vertebrado terrestre,Esperança Nova,PR,,Deficiente de dados,#808080
3863,Vertebrado terrestre,Entre Rios Do Oeste,PR,,Deficiente de dados,#808080
3864,Vertebrado terrestre,Espigão Alto Do Iguaçu,PR,,Deficiente de dados,#808080
3865,Vertebrado terrestre,Farol,PR,,Deficiente de dados,#808080
3866,Vertebrado terrestre,Figueira,PR,,Deficiente de dados,#808080
3867,Vertebrado terrestre,Floraí,PR,,Deficiente de dados,#808080
3868,Vertebrado terrestre,Flor Da Serra Do Sul,PR,,Deficiente de dados,#808080
3869,Vertebrado terrestre,Florestópolis,PR,,Deficiente de dados,#808080
3870,Vertebrado terrestre,Flórida,PR,,Deficiente de dados,#808080
3871,Vertebrado terrestre,Formosa Do Oeste,PR,,Deficiente de dados,#808080
3872,Vertebrado terrestre,Godoy Moreira,PR,,Deficiente de dados,#808080
3873,Vertebrado terrestre,Goioerê,PR,,Deficiente de dados,#808080
3874,Vertebrado terrestre,Goioxim,PR,,Deficiente de dados,#808080
3875,Vertebrado terrestre,Grandes Rios,PR,,Deficiente de dados,#808080
3876,Vertebrado terrestre,Guairaçá,PR,,Deficiente de dados,#808080
3877,Vertebrado terrestre,Guamiranga,PR,,Deficiente de dados,#808080
3878,Vertebrado terrestre,Guapirama,PR,,Deficiente de dados,#808080
3879,Vertebrado terrestre,Guaraci,PR,,Deficiente de dados,#808080
3880,Vertebrado terrestre,Guaraniaçu,PR,,Deficiente de dados,#808080
3881,Vertebrado terrestre,Honório Serpa,PR,,Deficiente de dados,#808080
3882,Vertebrado terrestre,Ibema,PR,,Deficiente de dados,#808080
3883,Vertebrado terrestre,Iguaraçu,PR,,Deficiente de dados,#808080
3884,Vertebrado terrestre,Iguatu,PR,,Deficiente de dados,#808080
3885,Vertebrado terrestre,Indianópolis,PR,,Deficiente de dados,#808080
3886,Vertebrado terrestre,Iracema Do Oeste,PR,,Deficiente de dados,#808080
3887,Vertebrado terrestre,Itaguajé,PR,,Deficiente de dados,#808080
3888,Vertebrado terrestre,Itambé,PR,,Deficiente de dados,#808080
3889,Vertebrado terrestre,Ivaí,PR,,Deficiente de dados,#808080
3890,Vertebrado terrestre,Ivaiporã,PR,,Deficiente de dados,#808080
3891,Vertebrado terrestre,Ivaté,PR,,Deficiente de dados,#808080
3892,Vertebrado terrestre,Ivatuba,PR,,Deficiente de dados,#808080
3893,Vertebrado terrestre,Jaboti,PR,,Deficiente de dados,#808080
3894,Vertebrado terrestre,Jaguapitã,PR,,Deficiente de dados,#808080
3895,Vertebrado terrestre,Janiópolis,PR,,Deficiente de dados,#808080
3896,Vertebrado terrestre,Japira,PR,,Deficiente de dados,#808080
3897,Vertebrado terrestre,Japurá,PR,,Deficiente de dados,#808080
3898,Vertebrado terrestre,Jardim Alegre,PR,,Deficiente de dados,#808080
3899,Vertebrado terrestre,Jardim Olinda,PR,,Deficiente de dados,#808080
3900,Vertebrado terrestre,Jesuítas,PR,,Deficiente de dados,#808080
3901,Vertebrado terrestre,Joaquim Távora,PR,,Deficiente de dados,#808080
3902,Vertebrado terrestre,Jundiaí Do Sul,PR,,Deficiente de dados,#808080
3903,Vertebrado terrestre,Kaloré,PR,,Deficiente de dados,#808080
3904,Vertebrado terrestre,Laranjeiras Do Sul,PR,,Deficiente de dados,#808080
3905,Vertebrado terrestre,Lidianópolis,PR,,Deficiente de dados,#808080
3906,Vertebrado terrestre,Loanda,PR,,Deficiente de dados,#808080
3907,Vertebrado terrestre,Lobato,PR,,Deficiente de dados,#808080
3908,Vertebrado terrestre,Lupionópolis,PR,,Deficiente de dados,#808080
3909,Vertebrado terrestre,Mamborê,PR,,Deficiente de dados,#808080
3910,Vertebrado terrestre,Manfrinópolis,PR,,Deficiente de dados,#808080
3911,Vertebrado terrestre,Mariópolis,PR,,Deficiente de dados,#808080
3912,Vertebrado terrestre,Marquinho,PR,,Deficiente de dados,#808080
3913,Vertebrado terrestre,Marumbi,PR,,Deficiente de dados,#808080
3914,Vertebrado terrestre,Mercedes,PR,,Deficiente de dados,#808080
3915,Vertebrado terrestre,Mirador,PR,,Deficiente de dados,#808080
3916,Vertebrado terrestre,Miraselva,PR,,Deficiente de dados,#808080
3917,Vertebrado terrestre,Munhoz De Melo,PR,,Deficiente de dados,#808080
3918,Vertebrado terrestre,Nossa Senhora Das Graças,PR,,Deficiente de dados,#808080
3919,Vertebrado terrestre,Nova Aliança Do Ivaí,PR,,Deficiente de dados,#808080
3920,Vertebrado terrestre,Nova América Da Colina,PR,,Deficiente de dados,#808080
3921,Vertebrado terrestre,Nova Esperança,PR,,Deficiente de dados,#808080
3922,Vertebrado terrestre,Nova Esperança Do Sudoeste,PR,,Deficiente de dados,#808080
3923,Vertebrado terrestre,Nova Fátima,PR,,Deficiente de dados,#808080
3924,Vertebrado terrestre,Nova Londrina,PR,,Deficiente de dados,#808080
3925,Vertebrado terrestre,Nova Santa Bárbara,PR,,Deficiente de dados,#808080
3926,Vertebrado terrestre,Nova Santa Rosa,PR,,Deficiente de dados,#808080
3927,Vertebrado terrestre,Novo Itacolomi,PR,,Deficiente de dados,#808080
3928,Vertebrado terrestre,Ourizona,PR,,Deficiente de dados,#808080
3929,Vertebrado terrestre,Ouro Verde Do Oeste,PR,,Deficiente de dados,#808080
3930,Vertebrado terrestre,Paraíso Do Norte,PR,,Deficiente de dados,#808080
3931,Vertebrado terrestre,Paranapoema,PR,,Deficiente de dados,#808080
3932,Vertebrado terrestre,Paula Freitas,PR,,Deficiente de dados,#808080
3933,Vertebrado terrestre,Perobal,PR,,Deficiente de dados,#808080
3934,Vertebrado terrestre,Pérola,PR,,Deficiente de dados,#808080
3935,Vertebrado terrestre,Pérola D'oeste,PR,,Deficiente de dados,#808080
3936,Vertebrado terrestre,Piên,PR,,Deficiente de dados,#808080
3937,Vertebrado terrestre,Pinhalão,PR,,Deficiente de dados,#808080
3938,Vertebrado terrestre,Pinhal De São Bento,PR,,Deficiente de dados,#808080
3939,Vertebrado terrestre,Pitangueiras,PR,,Deficiente de dados,#808080
3940,Vertebrado terrestre,Planalto,PR,,Deficiente de dados,#808080
3941,Vertebrado terrestre,Porto Barreiro,PR,,Deficiente de dados,#808080
3942,Vertebrado terrestre,Porto Vitória,PR,,Deficiente de dados,#808080
3943,Vertebrado terrestre,Prado Ferreira,PR,,Deficiente de dados,#808080
3944,Vertebrado terrestre,Pranchita,PR,,Deficiente de dados,#808080
3945,Vertebrado terrestre,Presidente Castelo Branco,PR,,Deficiente de dados,#808080
3946,Vertebrado terrestre,Primeiro De Maio,PR,,Deficiente de dados,#808080
3947,Vertebrado terrestre,Quarto Centenário,PR,,Deficiente de dados,#808080
3948,Vertebrado terrestre,Quatro Pontes,PR,,Deficiente de dados,#808080
3949,Vertebrado terrestre,Quedas Do Iguaçu,PR,,Deficiente de dados,#808080
3950,Vertebrado terrestre,Quinta Do Sol,PR,,Deficiente de dados,#808080
3951,Vertebrado terrestre,Ramilândia,PR,,Deficiente de dados,#808080
3952,Vertebrado terrestre,Rancho Alegre D'oeste,PR,,Deficiente de dados,#808080
3953,Vertebrado terrestre,Rebouças,PR,,Deficiente de dados,#808080
3954,Vertebrado terrestre,Renascença,PR,,Deficiente de dados,#808080
3955,Vertebrado terrestre,Ribeirão Do Pinhal,PR,,Deficiente de dados,#808080
3956,Vertebrado terrestre,Rio Bom,PR,,Deficiente de dados,#808080
3957,Vertebrado terrestre,Rio Branco Do Ivaí,PR,,Deficiente de dados,#808080
3958,Vertebrado terrestre,Rosário Do Ivaí,PR,,Deficiente de dados,#808080
3959,Vertebrado terrestre,Salgado Filho,PR,,Deficiente de dados,#808080
3960,Vertebrado terrestre,Salto Do Itararé,PR,,Deficiente de dados,#808080
3961,Vertebrado terrestre,Santa Amélia,PR,,Deficiente de dados,#808080
3962,Vertebrado terrestre,Santa Cecília Do Pavão,PR,,Deficiente de dados,#808080
3963,Vertebrado terrestre,Santa Cruz De Monte Castelo,PR,,Deficiente de dados,#808080
3964,Vertebrado terrestre,Santa Inês,PR,,Deficiente de dados,#808080
3965,Vertebrado terrestre,Santa Isabel Do Ivaí,PR,,Deficiente de dados,#808080
3966,Vertebrado terrestre,Santa Lúcia,PR,,Deficiente de dados,#808080
3967,Vertebrado terrestre,Santa Mônica,PR,,Deficiente de dados,#808080
3968,Vertebrado terrestre,Santana Do Itararé,PR,,Deficiente de dados,#808080
3969,Vertebrado terrestre,Santo Antônio Do Paraíso,PR,,Deficiente de dados,#808080
3970,Vertebrado terrestre,Santo Antônio Do Sudoeste,PR,,Deficiente de dados,#808080
3971,Vertebrado terrestre,Santo Inácio,PR,,Deficiente de dados,#808080
3972,Vertebrado terrestre,São Carlos Do Ivaí,PR,,Deficiente de dados,#808080
3973,Vertebrado terrestre,São Jerônimo Da Serra,PR,,Deficiente de dados,#808080
3974,Vertebrado terrestre,São João Do Caiuá,PR,,Deficiente de dados,#808080
3975,Vertebrado terrestre,São João Do Ivaí,PR,,Deficiente de dados,#808080
3976,Vertebrado terrestre,São José Da Boa Vista,PR,,Deficiente de dados,#808080
3977,Vertebrado terrestre,São José Das Palmeiras,PR,,Deficiente de dados,#808080
3978,Vertebrado terrestre,São Sebastião Da Amoreira,PR,,Deficiente de dados,#808080
3979,Vertebrado terrestre,Sapopema,PR,,Deficiente de dados,#808080
3980,Vertebrado terrestre,Saudade Do Iguaçu,PR,,Deficiente de dados,#808080
3981,Vertebrado terrestre,Siqueira Campos,PR,,Deficiente de dados,#808080
3982,Vertebrado terrestre,Tamboara,PR,,Deficiente de dados,#808080
3983,Vertebrado terrestre,Terra Boa,PR,,Deficiente de dados,#808080
3984,Vertebrado terrestre,Terra Rica,PR,,Deficiente de dados,#808080
3985,Vertebrado terrestre,Tupãssi,PR,,Deficiente de dados,#808080
3986,Vertebrado terrestre,Turvo,PR,,Deficiente de dados,#808080
3987,Vertebrado terrestre,Ubiratã,PR,,Deficiente de dados,#808080
3988,Vertebrado terrestre,Uniflor,PR,,Deficiente de dados,#808080
3989,Vertebrado terrestre,Wenceslau Braz,PR,,Deficiente de dados,#808080
3990,Vertebrado terrestre,Doutor Ulysses,PR,,Deficiente de dados,#808080
